CELL_LINE,COMBINATION_ID,PREDICTION
CAMA-1,ADAM17.AKT,-11.7730128741622
HCC1395,ADAM17.AKT,-7.99401768367096
Hs-578-T,ADAM17.AKT,-4.81838672331811
MDA-MB-157,ADAM17.AKT,1.45554944276834
MDA-MB-468,ADAM17.AKT,-5.44131049633577
MFM-223,ADAM17.AKT,-17.4068732157109
CAL-120,ADAM17.BCL2_BCL2L1,3.7475795571329
CAL-51,ADAM17.BCL2_BCL2L1,1.54245920088995
HCC1187,ADAM17.BCL2_BCL2L1,-4.19044737834442
HCC1428,ADAM17.BCL2_BCL2L1,-3.58260408357052
HCC38,ADAM17.BCL2_BCL2L1,1.57826564096363
MDA-MB-453,ADAM17.BCL2_BCL2L1,13.8511736538107
M14,ADAM17.BCL2_BCL2L1,7.31873912685904
BT-20,ADAM17.FGFR,-1.23697291894537
CAL-51,ADAM17.FGFR,-6.38171818797387
CAMA-1,ADAM17.FGFR,-4.84109011248087
HCC1428,ADAM17.FGFR,-0.90686696431769
HCC1806,ADAM17.FGFR,-6.56277242118148
MFM-223,ADAM17.FGFR,-21.2552433138036
BT-20,ADAM17.MAP2K_1,8.31110344150133
HCC1806,ADAM17.MAP2K_1,-8.04945415507107
HCC70,ADAM17.MAP2K_1,-7.25488380337215
MDA-MB-231,ADAM17.MAP2K_1,7.07323510242118
MDA-MB-468,ADAM17.MAP2K_1,-5.34590403877118
MFM-223,ADAM17.MAP2K_1,12.2233788565353
M14,ADAM17.MAP2K_1,10.5761334643365
CAL-148,ADAM17.MTOR_1,-18.9725615532104
CAL-51,ADAM17.MTOR_1,4.2286640199362
HCC1937,ADAM17.MTOR_1,6.98018774343912
HCC70,ADAM17.MTOR_1,-9.17588068547866
Hs-578-T,ADAM17.MTOR_1,-8.61223466666664
MDA-MB-468,ADAM17.MTOR_1,-3.96036027328433
BT-20,ADAM17.PIK3C,36.1437550862111
CAL-51,ADAM17.PIK3C,28.6833878524166
HCC1395,ADAM17.PIK3C,32.7455289378428
HCC1428,ADAM17.PIK3C,3.44519384666929
HCC1937,ADAM17.PIK3C,20.5059500323288
MDA-MB-436,ADAM17.PIK3C,34.1624844885952
BT-20,ADAM17.PIK3CB_PIK3CD,3.25949878117214
CAMA-1,ADAM17.PIK3CB_PIK3CD,-11.9928272233376
DU-4475,ADAM17.PIK3CB_PIK3CD,-16.5084853121226
HCC1937,ADAM17.PIK3CB_PIK3CD,0.244401434178
HCC70,ADAM17.PIK3CB_PIK3CD,-3.86601519014793
MDA-MB-231,ADAM17.PIK3CB_PIK3CD,1.71299442304397
MDA-MB-453,ADAM17.PIK3CB_PIK3CD,-6.20030548739359
BT-474,AKT.AKT_1,17.1468628530122
HCC1419,AKT.AKT_1,23.6963115005946
HCC1500,AKT.AKT_1,12.2955625160042
MCF7,AKT.AKT_1,9.74164850561159
MDA-MB-361,AKT.AKT_1,9.31305005411891
647-V,AKT.ATR_4,3.4622335421613
UM-UC-3,AKT.ATR_4,-5.54148914873221
VM-CUB-1,AKT.ATR_4,-10.8294544977126
NCI-H1299,AKT.CSNK2A1_2,11.3365145391681
NCI-H1563,AKT.CSNK2A1_2,4.07711478870576
NCI-H1975,AKT.CSNK2A1_2,-0.312673411546246
NCI-H2170,AKT.CSNK2A1_2,11.3492385666207
NCI-H3122,AKT.CSNK2A1_2,2.58890307150089
NCI-H838,AKT.CSNK2A1_2,9.79134715444773
BT-474,AKT.Chloroquine,13.0558526061266
MDA-MB-361,AKT.Chloroquine,7.21525186225692
HT-1197,AKT.ERBB,11.0668605713933
22RV1,AKT.ERBB,8.21672446233145
TCCSUP,AKT.ERBB,-1.87875804802118
HT-1197,AKT.FGFR,11.4847016805328
HT-1376,AKT.FGFR,11.3124890251944
647-V,AKT.HDAC_4,-16.2456666394358
BT-474,AKT.HDAC_4,-1.19506714596363
HT-1197,AKT.HDAC_4,-18.5665901710678
MCF7,AKT.HDAC_4,-8.38164728343191
T47D,AKT.HDAC_4,-2.2375065121874
BT-549,AKT.PIK3CA_4,-0.984436578632087
HCC1143,AKT.PIK3CA_4,-0.675978905454565
HCC1395,AKT.PIK3CA_4,6.957796507183
HCC1806,AKT.PIK3CA_4,4.72918334662892
HCC70,AKT.PIK3CA_4,-1.71892592981635
Hs-578-T,AKT.PIK3CA_4,4.64669512331588
MDA-MB-468,AKT.PIK3CA_4,-2.65591169158331
DU-4475,AKT.PIK3C_2,-22.2061692815306
HCC1395,AKT.PIK3C_2,-4.62562395105898
MDA-MB-157,AKT.PIK3C_2,10.0503671354446
MDA-MB-231,AKT.PIK3C_2,-5.39716182127979
MDA-MB-436,AKT.PIK3C_2,2.56529193889001
MFM-223,AKT.PIK3C_2,-0.872084150931151
HT-1376,AKT.TNF,31.5494785944315
TCCSUP,AKT.TNF,21.1777457360814
VM-CUB-1,AKT.TNF,28.322411002279
BT-549,AKT.AKT_1,-1.88458946604251
DU-4475,AKT.AKT_1,2.31750131870612
HCC1143,AKT.AKT_1,-5.74943918529597
HCC1395,AKT.AKT_1,8.23811429230714
CAL-148,AKT_1.PIK3C,28.3764604730838
HCC1143,AKT_1.PIK3C,22.8619415991327
HCC1395,AKT_1.PIK3C,36.4057595777242
HCC1428,AKT_1.PIK3C,21.4986154862
HCC1937,AKT_1.PIK3C,30.4205814210523
HCC38,AKT_1.PIK3C,30.9043851811674
Hs-578-T,AKT_1.PIK3C,15.9429613541498
MDA-MB-436,AKT_1.PIK3C,43.4280407851081
BT-549,AKT_1.PIK3CB_PIK3CD,14.4786644844294
CAL-120,AKT_1.PIK3CB_PIK3CD,19.5680768107307
HCC1187,AKT_1.PIK3CB_PIK3CD,13.1506261096548
HCC1395,AKT_1.PIK3CB_PIK3CD,22.9793204557329
HCC1937,AKT_1.PIK3CB_PIK3CD,19.6315580265877
HCC38,AKT_1.PIK3CB_PIK3CD,17.6313553941583
Hs-578-T,AKT_1.PIK3CB_PIK3CD,7.33819031170335
BT-20,AKT_1.PIK3C_2,31.1649665815489
BT-549,AKT_1.PIK3C_2,10.5985693495649
CAL-120,AKT_1.PIK3C_2,14.8007377173
CAMA-1,AKT_1.PIK3C_2,30.4503524905532
HCC1937,AKT_1.PIK3C_2,17.0762383185505
MDA-MB-453,AKT_1.PIK3C_2,30.0617703456656
M14,AKT_1.PIK3C_2,21.4900035496939
CAL-148,AKT_SGK.BCL2_BCL2L1,11.500166713076
CAL-51,AKT_SGK.BCL2_BCL2L1,8.24847738579029
DU-4475,AKT_SGK.BCL2_BCL2L1,-1.32097730746806
HCC1395,AKT_SGK.BCL2_BCL2L1,16.5053146591354
HCC1937,AKT_SGK.BCL2_BCL2L1,9.45234772119847
MDA-MB-231,AKT_SGK.BCL2_BCL2L1,10.9263891740032
MFM-223,AKT_SGK.BCL2_BCL2L1,23.2540231964961
CAMA-1,AKT_SGK.FGFR,5.10983258724898
HCC1937,AKT_SGK.FGFR,2.14830510093423
HCC38,AKT_SGK.FGFR,-0.0171089868558276
HCC70,AKT_SGK.FGFR,-5.33998619704909
MDA-MB-157,AKT_SGK.FGFR,21.9317226823647
MFM-223,AKT_SGK.FGFR,6.04261132280432
M14,AKT_SGK.FGFR,2.46925450371573
CAL-120,AKT_SGK.MAP2K_1,11.7059717780754
HCC1143,AKT_SGK.MAP2K_1,4.71988023681926
HCC1187,AKT_SGK.MAP2K_1,6.06271036273328
HCC1428,AKT_SGK.MAP2K_1,5.35400812477646
HCC1806,AKT_SGK.MAP2K_1,21.0224955773633
MDA-MB-157,AKT_SGK.MAP2K_1,36.5697277760294
MDA-MB-468,AKT_SGK.MAP2K_1,5.93926698780574
CAL-148,AKT_SGK.PIK3C,8.99511587546249
CAMA-1,AKT_SGK.PIK3C,21.5769401611428
HCC1143,AKT_SGK.PIK3C,3.53426035953821
HCC1395,AKT_SGK.PIK3C,15.6288268627826
HCC38,AKT_SGK.PIK3C,8.75021418776814
MDA-MB-436,AKT_SGK.PIK3C,25.0518664450609
MDA-MB-453,AKT_SGK.PIK3C,21.3505639502846
BT-549,AKT.ALK_IGFR,14.7894767184027
CAL-51,AKT.ALK_IGFR,18.6026977655878
HCC1143,AKT.ALK_IGFR,13.1005177725625
HCC1187,AKT.ALK_IGFR,18.253845017349
HCC1428,AKT.ALK_IGFR,16.0488378043232
HCC1806,AKT.ALK_IGFR,25.491962041067
MFM-223,AKT.ALK_IGFR,29.1010841530405
BT-20,AKT_1.ALK_IGFR,17.0606012605447
HCC1187,AKT_1.ALK_IGFR,0.132628181221321
HCC1806,AKT_1.ALK_IGFR,11.3864528883313
HCC38,AKT_1.ALK_IGFR,2.37222565134097
Hs-578-T,AKT_1.ALK_IGFR,-11.3603832781145
MDA-MB-157,AKT_1.ALK_IGFR,20.8157486194542
MDA-MB-436,AKT_1.ALK_IGFR,14.5316735699164
BT-20,ALK_IGFR.MTOR_1,27.0820950922051
CAL-148,ALK_IGFR.MTOR_1,27.4967750275587
DU-4475,ALK_IGFR.MTOR_1,7.08312529052014
HCC1143,ALK_IGFR.MTOR_1,16.7736581151784
HCC1937,ALK_IGFR.MTOR_1,20.9532384544298
MDA-MB-157,ALK_IGFR.MTOR_1,37.4355477219563
MFM-223,ALK_IGFR.MTOR_1,10.68293873514
BT-20,ALK_IGFR.PIK3CB_PIK3CD,27.0820950907763
CAMA-1,ALK_IGFR.PIK3CB_PIK3CD,24.9878641236687
DU-4475,ALK_IGFR.PIK3CB_PIK3CD,7.08312529084868
HCC1187,ALK_IGFR.PIK3CB_PIK3CD,17.7625380300152
HCC1806,ALK_IGFR.PIK3CB_PIK3CD,23.3695858829618
HCC1937,ALK_IGFR.PIK3CB_PIK3CD,20.9532384556756
BT-20,AKT.ATR_4,15.8930807048973
CAL-120,AKT.ATR_4,-0.67551825737762
CAL-51,AKT.ATR_4,-5.97151066765301
CAMA-1,AKT.ATR_4,-3.42809810294995
HCC1187,AKT.ATR_4,-1.84591534135843
HCC1395,AKT.ATR_4,14.2405381857062
HCC1428,AKT.ATR_4,-6.74543705127165
BT-20,ATR_4.BCL2_BCL2L1,-1.94932575317316
BT-549,ATR_4.BCL2_BCL2L1,-14.4180073446477
CAL-148,ATR_4.BCL2_BCL2L1,-1.58570169163487
DU-4475,ATR_4.BCL2_BCL2L1,-12.9309566478354
HCC1806,ATR_4.BCL2_BCL2L1,-19.671055750374
HCC1937,ATR_4.BCL2_BCL2L1,-6.68874237821151
MDA-MB-157,ATR_4.BCL2_BCL2L1,1.29774683642916
MDA-MB-436,ATR_4.BCL2_BCL2L1,2.47673536222239
MFM-223,ATR_4.BCL2_BCL2L1,4.66742347838168
CAL-120,ATR_4.MAP2K_1,2.56793337265849
CAMA-1,ATR_4.MAP2K_1,-4.19790869182804
HCC1187,ATR_4.MAP2K_1,17.7574807723584
HCC1395,ATR_4.MAP2K_1,12.7441260873316
MDA-MB-231,ATR_4.MAP2K_1,20.0899228697852
BT-20,ATR_4.MTOR_1,-18.062480312204
BT-549,ATR_4.MTOR_1,-31.0248782189688
CAL-148,ATR_4.MTOR_1,-15.8966128867162
HCC1143,ATR_4.MTOR_1,-29.3628813121459
HCC1187,ATR_4.MTOR_1,-26.1952400787956
MDA-MB-453,ATR_4.MTOR_1,-22.259821566525
NCI-H1437,BCL2.CarboTaxol,9.36902085984291
NCI-H1975,BCL2.CarboTaxol,15.3939436938098
NCI-H2228,BCL2.CarboTaxol,27.927645487048
NCI-H2291,BCL2.CarboTaxol,15.6895752852288
NCI-H23,BCL2.CarboTaxol,23.4633084455924
NCI-H358,BCL2.CarboTaxol,16.2512307888218
C32,BCL2.IGFR_4,8.94129856140499
NCI-H747,BCL2.IGFR_4,-3.3347514608662
SW948,BCL2.IGFR_4,17.5113903772095
C32,BCL2.MAP2K_1,-2.87272077608734
COLO-205,BCL2.MAP2K_1,-6.71224347941645
HT-29,BCL2.MAP2K_1,5.85825754976492
C32,BCL2.Oxaliplatin,5.1274214553087
LS-513,BCL2.Oxaliplatin,7.8315732234947
SW837,BCL2.Oxaliplatin,-4.19294231670209
DMS-114,BCL2.Topotecan,7.02275978434546
NCI-H1793,BCL2.Topotecan,-8.18304325460172
NCI-H226,BCL2.Topotecan,14.3738843363747
NCI-H23,BCL2.Topotecan,17.7078751422412
NCI-H358,BCL2.Topotecan,20.7582307866667
NCI-H520,BCL2.Topotecan,24.0649399225839
CAMA-1,AKT_1.BCL2_2,1.34258324049308
HCC70,AKT_1.BCL2_2,-4.88996316056566
MDA-MB-415,AKT_1.BCL2_2,-3.22922216323158
MDA-MB-468,AKT_1.BCL2_2,-1.66837514416735
T47D,AKT_1.BCL2_2,13.3504584028443
CAL-120,AKT_1.BCL2_BCL2L1,14.3438639931035
CAL-51,AKT_1.BCL2_BCL2L1,11.51807813191
HCC1428,AKT_1.BCL2_BCL2L1,5.6751157059632
MDA-MB-157,AKT_1.BCL2_BCL2L1,39.0772354006009
MDA-MB-231,AKT_1.BCL2_BCL2L1,11.8812482261804
MDA-MB-436,AKT_1.BCL2_BCL2L1,28.2210824368527
MDA-MB-453,AKT_1.BCL2_BCL2L1,25.364539515839
T-24,ATR_4.BCL2_BCL2L1,4.52232409292244
BT-20,BCL2_BCL2L1.FGFR,5.69477948015891
BT-549,BCL2_BCL2L1.FGFR,-4.44239562025509
CAL-120,BCL2_BCL2L1.FGFR,-1.48486118314695
MFM-223,BCL2_BCL2L1.FGFR,15.2677918497785
M14,BCL2_BCL2L1.FGFR,7.21750550856474
CAL-148,BCL2_BCL2L1.MAP2K_1,-9.04202545425656
HCC1143,BCL2_BCL2L1.MAP2K_1,-13.064342391928
HCC1428,BCL2_BCL2L1.MAP2K_1,-3.59271821258534
HCC1937,BCL2_BCL2L1.MAP2K_1,6.66629515387043
HCC38,BCL2_BCL2L1.MAP2K_1,0.921549689819905
Hs-578-T,BCL2_BCL2L1.MAP2K_1,-11.9964898037442
MDA-MB-436,BCL2_BCL2L1.MAP2K_1,11.8362499526633
MDA-MB-468,BCL2_BCL2L1.MAP2K_1,-9.87836563125641
CAL-120,BCL2_BCL2L1.PIK3CA_4,7.0995822926783
DU-4475,BCL2_BCL2L1.PIK3CA_4,5.08516309520969
HCC70,BCL2_BCL2L1.PIK3CA_4,-14.9723663293479
MDA-MB-157,BCL2_BCL2L1.PIK3CA_4,11.6236191360026
MDA-MB-436,BCL2_BCL2L1.PIK3CA_4,11.4872725893475
MFM-223,BCL2_BCL2L1.PIK3CA_4,5.57274664644617
M14,BCL2_BCL2L1.PIK3CA_4,6.73605084799572
CAMA-1,AKT.BCL2L1,15.3697210281983
HCC1395,AKT.BCL2L1,21.1558924885357
MCF7,AKT.BCL2L1,17.0464830334589
MDA-MB-361,AKT.BCL2L1,13.8985485314685
MDA-MB-453,AKT.BCL2L1,16.001893118468
CAMA-1,AKT_1.BCL2L1,16.076812007669
HCC1187,AKT_1.BCL2L1,-2.31348369167809
HCC1419,AKT_1.BCL2L1,22.9000352268074
MDA-MB-361,AKT_1.BCL2L1,7.39182352910811
MDA-MB-415,AKT_1.BCL2L1,2.37347414050342
BT-20,BCL2L1.MTOR_1,41.4780505149569
CAMA-1,BCL2L1.MTOR_1,41.5001949390246
HCC1395,BCL2L1.MTOR_1,25.3754305013456
HCC70,BCL2L1.MTOR_1,17.5866582373746
MDA-MB-436,BCL2L1.MTOR_1,43.7248535566616
BT-20,BCL2L1.PIK3C,30.5992093612943
HCC1419,BCL2L1.PIK3C,33.4123112907186
MCF7,BCL2L1.PIK3C,17.9282160876725
MDA-MB-361,BCL2L1.PIK3C,19.1125153014903
MDA-MB-453,BCL2L1.PIK3C,38.1927741837955
BT-20,BRAF_M2.MAP2K_1,41.2038532652485
HCC1954,BRAF_M2.MAP2K_1,48.3610447367965
MDA-MB-157,BRAF_M2.MAP2K_1,38.3552617304954
MDA-MB-361,BRAF_M2.MAP2K_1,36.7685920798805
CAMA-1,BRAF_M2.MAP2K_3,35.3944826409011
HCC1187,BRAF_M2.MAP2K_3,68.9359292280603
HCC1419,BRAF_M2.MAP2K_3,67.2329213509897
HCC1954,BRAF_M2.MAP2K_3,74.0549811669343
MDA-MB-361,BRAF_M2.MAP2K_3,54.9888921308509
MDA-MB-415,BRAF_M2.MAP2K_3,51.8935301407675
NCI-H1975,BRAF_M2.MAP2K_3,40.784938614034
NCI-H2085,BRAF_M2.MAP2K_3,67.2024814566195
NCI-H2291,BRAF_M2.MAP2K_3,58.3104523121622
NCI-H23,BRAF_M2.MAP2K_3,57.6365468711935
NCI-H358,BRAF_M2.MAP2K_3,48.2795787887578
HCC1419,ATR_4.CarboTaxol,9.6870599015411
HCC1569,ATR_4.CarboTaxol,5.89061100477989
HCC70,ATR_4.CarboTaxol,-12.9757893736471
MDA-MB-157,ATR_4.CarboTaxol,3.37522835412146
MDA-MB-468,ATR_4.CarboTaxol,1.45064034358716
NCI-H2085,ATR_4.CarboTaxol,10.2108450697837
NCI-H2228,ATR_4.CarboTaxol,2.8358877851363
NCI-H3122,ATR_4.CarboTaxol,6.68500694324117
SW900,ATR_4.CarboTaxol,-0.0860838714142069
NCI-H1299,BCL2L1.CarboTaxol,34.4065424390608
NCI-H1437,BCL2L1.CarboTaxol,3.85043411011366
NCI-H1975,BCL2L1.CarboTaxol,5.95833848419533
NCI-H23,BCL2L1.CarboTaxol,14.1193476458291
SW900,BCL2L1.CarboTaxol,27.9177053688962
A549,CHEK1.IAP,0.696222311302936
BFTC-905,CHEK1.IAP,-0.312008226278376
HT-1197,CHEK1.IAP,3.21168690896644
NCI-H1299,CHEK1.IAP,4.8906986758983
NCI-H23,CHEK1.IAP,10.8596537355045
NCI-H3122,CHEK1.IAP,2.58971906321671
NCI-H520,CHEK1.IAP,-6.70513475563053
NCI-H522,CHEK1.IAP,-1.57992078842352
SW900,CHEK1.IAP,18.4577373587578
T-24,CHEK1.IAP,-11.6614836148812
HCC1187,AKT.Chloroquine,-1.60617472265992
HCC1954,AKT.Chloroquine,31.2789515169526
MDA-MB-157,AKT.Chloroquine,23.1061370473119
CAMA-1,AKT_1.Chloroquine,8.55145239849424
HCC1419,AKT_1.Chloroquine,17.6017108694825
MDA-MB-361,AKT_1.Chloroquine,6.88499792410003
MDA-MB-415,AKT_1.Chloroquine,-1.72901018557851
MDA-MB-453,AKT_1.Chloroquine,8.33700294748948
HCC1419,Chloroquine.PIK3C,-7.49730176573387
HCC1569,Chloroquine.PIK3C,-5.7773619993587
MDA-MB-436,Chloroquine.PIK3C,-8.25333365135355
MDA-MB-453,Chloroquine.PIK3C,0.875240049796902
HT-1376,AKT.Cisplatin,0.129572284693579
SW780,AKT.Cisplatin,1.01580210756244
T-24,AKT.Cisplatin,8.45350042966271
HT-1197,Cisplatin.FGFR,9.20714666912097
HT-1376,Cisplatin.FGFR,-0.520480518461902
UM-UC-3,Cisplatin.FGFR,2.82813880629278
647-V,Cisplatin.HDAC_4,5.64588234563508
HT-1376,Cisplatin.HDAC_4,0.156329705043778
UM-UC-3,Cisplatin.HDAC_4,3.62001427798954
647-V,Cisplatin.PARP1,2.89269182592157
BFTC-905,Cisplatin.PARP1,-5.37653012386748
HT-1197,Cisplatin.PARP1,2.63264840288012
BFTC-905,Cisplatin.PIK3C,14.0959640817735
HT-1197,Cisplatin.PIK3C,2.47397407254081
J82,Cisplatin.PIK3C,2.66640457557853
EVSA-T,AKT.CSNK2A1_2,-0.243560016823213
HCC1395,AKT.CSNK2A1_2,10.1746682567135
HCC1419,AKT.CSNK2A1_2,21.1043549268773
MDA-MB-157,AKT.CSNK2A1_2,26.6392851680366
MDA-MB-436,AKT.CSNK2A1_2,17.6797626975129
T47D,AKT.CSNK2A1_2,21.4510411261829
NCI-H1563,ALK.CSNK2A1_2,20.1887527543661
NCI-H2085,ALK.CSNK2A1_2,43.8051862165972
NCI-H2291,ALK.CSNK2A1_2,17.7725555775619
NCI-H522,ALK.CSNK2A1_2,24.19836576281
NCI-H838,ALK.CSNK2A1_2,20.6152900581098
SW900,ALK.CSNK2A1_2,9.55517050946317
A549,BCL2.CSNK2A1_2,9.56415700800095
NCI-H1299,BCL2.CSNK2A1_2,37.3075201280238
NCI-H1793,BCL2.CSNK2A1_2,-19.7800785961863
NCI-H23,BCL2.CSNK2A1_2,8.04179438671457
NCI-H358,BCL2.CSNK2A1_2,15.3650373345579
NCI-H838,BCL2.CSNK2A1_2,10.7344943540497
NCI-H1299,CarboTaxol.CSNK2A1_2,4.89069867605541
NCI-H1975,CarboTaxol.CSNK2A1_2,-8.99326993142429
NCI-H358,CarboTaxol.CSNK2A1_2,-11.1134388002609
NCI-H522,CarboTaxol.CSNK2A1_2,-1.57992078864953
NCI-H838,CarboTaxol.CSNK2A1_2,-2.93745824374345
A549,Carboplatin.CSNK2A1_2,63.6998506647117
Calu-3,Carboplatin.CSNK2A1_2,23.3711506555141
NCI-H1437,Carboplatin.CSNK2A1_2,28.7086929448655
NCI-H1703,Carboplatin.CSNK2A1_2,31.7375422734222
NCI-H1975,Carboplatin.CSNK2A1_2,35.8731798392634
NCI-H2085,Carboplatin.CSNK2A1_2,54.9312384385076
Calu-6,CSNK2A1_2.Gemcitabine,4.90158980867998
NCI-H1299,CSNK2A1_2.Gemcitabine,8.83804095560449
NCI-H1703,CSNK2A1_2.Gemcitabine,4.53141497455433
NCI-H2085,CSNK2A1_2.Gemcitabine,6.40132437947041
NCI-H838,CSNK2A1_2.Gemcitabine,3.41843450565982
A549,CSNK2A1_2.SYK,10.5039403830386
Calu-6,CSNK2A1_2.SYK,12.6063533625482
NCI-H1437,CSNK2A1_2.SYK,5.18279694360272
NCI-H2085,CSNK2A1_2.SYK,23.9098865530169
NCI-H2228,CSNK2A1_2.SYK,12.5976767535385
NCI-H23,CSNK2A1_2.SYK,17.9067110293878
647-V,EG5.PARP1,37.9101418510403
UM-UC-3,EG5.PARP1,33.0536460333754
VM-CUB-1,EG5.PARP1,15.4434595635104
647-V,EG5.PIM1,2.0131983808044
BFTC-905,EG5.PIM1,18.1130811259872
VM-CUB-1,EG5.PIM1,-1.0241916712532
CAL-120,AKT.EGFR,19.1393238045334
CAMA-1,AKT.EGFR,27.332540957724
HCC1428,AKT.EGFR,10.5046187821267
HCC38,AKT.EGFR,25.0134470323072
HCC70,AKT.EGFR,13.5374683195651
MDA-MB-231,AKT.EGFR,20.5718948107311
M14,AKT.EGFR,22.6230397408991
BT-549,AKT_1.EGFR,11.2682289091722
CAL-120,AKT_1.EGFR,17.5610249179921
CAMA-1,AKT_1.EGFR,27.9727947264774
HCC1806,AKT_1.EGFR,25.947529450451
HCC1937,AKT_1.EGFR,16.9927795816714
MDA-MB-231,AKT_1.EGFR,14.9814353091213
MFM-223,AKT_1.EGFR,29.8767869011674
CAMA-1,BCL2_BCL2L1.EGFR,-12.3903419884975
DU-4475,BCL2_BCL2L1.EGFR,2.15396082833937
HCC1806,BCL2_BCL2L1.EGFR,-15.0438708299351
HCC1937,BCL2_BCL2L1.EGFR,-5.7467364368957
Hs-578-T,BCL2_BCL2L1.EGFR,-0.704224847465325
MDA-MB-157,BCL2_BCL2L1.EGFR,6.1160836363215
MDA-MB-436,BCL2_BCL2L1.EGFR,1.38478095571755
DU-4475,EGFR.FGFR,24.2416606063694
HCC1143,EGFR.FGFR,27.0864536593418
HCC1187,EGFR.FGFR,29.8816962708876
HCC38,EGFR.FGFR,26.0397818833118
MDA-MB-453,EGFR.FGFR,29.5502598358525
MDA-MB-468,EGFR.FGFR,30.0008375957588
DU-4475,EGFR.MAP2K_1,3.39542225750724
HCC1187,EGFR.MAP2K_1,0.0776305511682978
HCC1395,EGFR.MAP2K_1,21.2996399703981
HCC38,EGFR.MAP2K_1,-2.15525471233893
HCC70,EGFR.MAP2K_1,-14.7009810618577
MDA-MB-157,EGFR.MAP2K_1,5.84208856311516
MFM-223,EGFR.MAP2K_1,-6.90443233821972
HCC70,AKT_1.EGFR_2,-3.05914311942148
MCF7,AKT_1.EGFR_2,6.03479116554189
MDA-MB-157,AKT_1.EGFR_2,25.7344439568477
MDA-MB-361,AKT_1.EGFR_2,7.99038237939915
T47D,AKT_1.EGFR_2,15.8567863313445
NCI-H1703,ALK.EGFR_2,12.9466274591944
NCI-H226,ALK.EGFR_2,7.7340228869277
NCI-H2291,ALK.EGFR_2,12.9268000984101
NCI-H358,ALK.EGFR_2,5.36061256298534
NCI-H522,ALK.EGFR_2,10.1097203314844
SW900,ALK.EGFR_2,14.925979724873
BT-474,AKT.ERBB,22.9602151376865
CAL-148,AKT.ERBB,17.1087053489349
HCC1187,AKT.ERBB,9.43745883583128
HCC1569,AKT.ERBB,23.1688784542616
HCC1806,AKT.ERBB,10.0739816621345
HCC1937,AKT.ERBB,14.9628787822341
HCC70,AKT.ERBB,3.5844324050831
MCF7,AKT.ERBB,14.2304266162493
MDA-MB-231,AKT.ERBB,14.6778552402201
MDA-MB-436,AKT.ERBB,26.0582789467371
BFTC-905,ERBB.FGFR,34.2592139889577
CAMA-1,ERBB.FGFR,12.8687133371472
HCC1187,ERBB.FGFR,33.1926523293397
HCC1806,ERBB.FGFR,31.9084809744167
HCC1937,ERBB.FGFR,25.4684016983274
MDA-MB-468,ERBB.FGFR,31.2158769839314
MFM-223,ERBB.FGFR,17.2792966976079
TCCSUP,ERBB.FGFR,21.776135728134
UM-UC-3,ERBB.FGFR,26.0559708847196
VM-CUB-1,ERBB.FGFR,20.7584559542859
BFTC-905,ERBB.IAP,6.13475270899951
HT-1197,ERBB.IAP,6.01530311473666
HT-1376,ERBB.IAP,19.897031556338
647-V,ERBB.MAP2K_1,2.39252522356467
BFTC-905,ERBB.MAP2K_1,-4.59066847109126
HCC1187,ERBB.MAP2K_1,-9.50434476660264
HCC1395,ERBB.MAP2K_1,6.61576954480623
HCC1428,ERBB.MAP2K_1,-12.893951536457
J82,ERBB.MAP2K_1,-8.14820705247464
MDA-MB-157,ERBB.MAP2K_1,-1.00240702339751
MFM-223,ERBB.MAP2K_1,-18.6915027973585
T-24,ERBB.MAP2K_1,1.4641942590083
BT-549,ERBB.MTOR_1,18.0128210664624
CAL-148,ERBB.MTOR_1,23.4782010615445
HCC1419,ERBB.MTOR_1,35.8350494387032
HCC38,ERBB.MTOR_1,31.3892472125972
MCF7,ERBB.MTOR_1,36.1158755788045
MDA-MB-436,ERBB.MTOR_1,40.9015629056617
T47D,ERBB.MTOR_1,36.5158729257862
HCC1143,ERBB.PIK3CA_4,10.0880912436169
HCC1395,ERBB.PIK3CA_4,29.4742392191332
HCC70,ERBB.PIK3CA_4,8.24838442693286
MDA-MB-157,ERBB.PIK3CA_4,23.2093869786247
MDA-MB-231,ERBB.PIK3CA_4,32.208218772327
MDA-MB-453,ERBB.PIK3CA_4,-5.1899341901718
CAL-120,AKT_1.ESR1,-2.20859757736717
HCC1187,AKT_1.ESR1,-9.08721133483431
HCC1395,AKT_1.ESR1,3.40696828266739
HCC1428,AKT_1.ESR1,-6.51413927774228
HCC70,AKT_1.ESR1,-6.28365540506066
MDA-MB-453,AKT_1.ESR1,5.12565425931027
M14,AKT_1.ESR1,3.03368092706238
CAMA-1,ESR1.FGFR,13.8050258009973
HCC1143,ESR1.FGFR,16.0087244038333
HCC1428,ESR1.FGFR,1.6536936745857
Hs-578-T,ESR1.FGFR,-4.56432036845166
MDA-MB-231,ESR1.FGFR,36.3987750178997
MDA-MB-453,ESR1.FGFR,-0.0166890925148753
MDA-MB-468,ESR1.FGFR,30.1407833455291
BT-20,ESR1.MAP2K_1,2.61998563745252
BT-549,ESR1.MAP2K_1,-3.2656968979439
CAMA-1,ESR1.MAP2K_1,-4.26418626468501
HCC1806,ESR1.MAP2K_1,-18.3836845854448
HCC38,ESR1.MAP2K_1,-0.751330103121086
MDA-MB-436,ESR1.MAP2K_1,0.804990964125219
M14,ESR1.MAP2K_1,-2.13487880863591
BT-20,ESR1.MTOR_1,28.1437761721702
HCC1395,ESR1.MTOR_1,17.840472192096
HCC1428,ESR1.MTOR_1,15.0733041297734
MDA-MB-436,ESR1.MTOR_1,25.1842076606795
MDA-MB-468,ESR1.MTOR_1,7.38437435731612
MFM-223,ESR1.MTOR_1,6.24589036497235
M14,ESR1.MTOR_1,13.7352598132374
HCC1395,AKT_1.ESR1_1,18.6902884790997
HCC1954,AKT_1.ESR1_1,47.2552233239991
MDA-MB-157,AKT_1.ESR1_1,40.2541835054801
MDA-MB-453,AKT_1.ESR1_1,25.708101885132
T47D,AKT_1.ESR1_1,27.9014221270665
CAMA-1,ESR1_1.MTOR_1,-31.1833590933547
EVSA-T,ESR1_1.MTOR_1,-17.4648537039522
MCF7,ESR1_1.MTOR_1,-1.38084309215801
MDA-MB-157,ESR1_1.MTOR_1,2.57330605547628
EVSA-T,ESR1_1.PIK3C,6.65522125589241
HCC1187,ESR1_1.PIK3C,12.3502458484189
HCC1419,ESR1_1.PIK3C,21.2087092817404
MDA-MB-415,ESR1_1.PIK3C,6.97183975206247
MDA-MB-436,ESR1_1.PIK3C,19.6822203075217
HCC1954,ESR1_3.MTOR_1,5.63685056017523
MDA-MB-157,ESR1_3.MTOR_1,42.927390617615
MDA-MB-415,ESR1_3.MTOR_1,18.9800355547052
MDA-MB-453,ESR1_3.MTOR_1,10.2485001652325
T47D,ESR1_3.MTOR_1,17.8610643393763
BT-549,BCL2_BCL2L1.FASN,-2.2415741440296
DU-4475,BCL2_BCL2L1.FASN,10.0168083550146
HCC1187,BCL2_BCL2L1.FASN,-1.7388728009424
Hs-578-T,BCL2_BCL2L1.FASN,3.61630503242463
MDA-MB-157,BCL2_BCL2L1.FASN,15.5139456689696
MDA-MB-453,BCL2_BCL2L1.FASN,11.858446883836
CAL-120,FASN.MAP2K_1,5.26361158102548
CAL-51,FASN.MAP2K_1,10.2004970442337
DU-4475,FASN.MAP2K_1,2.18745120428954
HCC1187,FASN.MAP2K_1,11.0269311401425
HCC1806,FASN.MAP2K_1,6.91585929965515
MDA-MB-468,FASN.MAP2K_1,7.38437435743838
M14,FASN.MAP2K_1,13.7352598135694
BT-20,FASN.MTOR_1,32.3692079715383
CAMA-1,FASN.MTOR_1,12.3701538177514
HCC1806,FASN.MTOR_1,27.1566584575818
HCC1937,FASN.MTOR_1,16.1447622059821
MDA-MB-453,FASN.MTOR_1,-1.10702483761072
MDA-MB-468,FASN.MTOR_1,30.9720786416504
MFM-223,FASN.MTOR_1,17.6706891400558
HCC1143,AKT.FGFR,1.77410965398831
HCC1428,AKT.FGFR,6.04311884850863
HCC38,AKT.FGFR,15.1016864157938
KATOIII,AKT.FGFR,9.78350879494924
MDA-MB-231,AKT.FGFR,15.7447957545889
MDA-MB-436,AKT.FGFR,28.323104159377
MDA-MB-468,AKT.FGFR,1.69896615124024
NCI-H520,AKT.FGFR,15.8890688553609
RT4,AKT.FGFR,23.7102650825407
NCI-SNU-16,AKT.FGFR,12.4086344118107
J82,BCL2_BCL2L1.FGFR,-0.930093568705177
MCF7,BCL2_BCL2L1.FGFR,7.16227260162745
NCI-H1703,BCL2_BCL2L1.FGFR,19.3323306322863
NCI-SNU-16,BCL2_BCL2L1.FGFR,10.0691547259361
SW780,BCL2_BCL2L1.FGFR,10.2020624246123
TCCSUP,BCL2_BCL2L1.FGFR,-1.47791137472123
VM-CUB-1,BCL2_BCL2L1.FGFR,5.84945914765157
CAL-120,BCL2_BCL2L1_BCL2L2.FGFR,-1.8627401641371
HCC1500,BCL2_BCL2L1_BCL2L2.FGFR,6.40271111290732
MCF7,BCL2_BCL2L1_BCL2L2.FGFR,6.69432390517085
RT4,BCL2_BCL2L1_BCL2L2.FGFR,29.0029678373037
T47D,BCL2_BCL2L1_BCL2L2.FGFR,19.2059026174938
CAL-120,Chloroquine.FGFR,5.91703656044752
HCC1500,Chloroquine.FGFR,6.69157807112771
KATOIII,Chloroquine.FGFR,9.67137401814387
MCF7,Chloroquine.FGFR,1.13192264502997
NCI-SNU-16,Chloroquine.FGFR,9.13650045770312
MCF7,ERBB.FGFR,33.3116510271531
NCI-H1703,ERBB.FGFR,24.0315706739167
BT-20,FGFR.MTOR_1,5.40596958345153
BT-549,FGFR.MTOR_1,5.79070915235723
CAL-120,FGFR.MTOR_1,4.1910147030618
CAMA-1,FGFR.MTOR_1,8.52426692158607
DU-4475,FGFR.MTOR_1,-8.5481872157817
HCC1806,FGFR.MTOR_1,0.990681632289023
HCC38,FGFR.MTOR_1,-4.40286797755856
KATOIII,FGFR.MTOR_1,9.40804766517481
MDA-MB-436,FGFR.MTOR_1,6.1501069021326
MDA-MB-468,FGFR.MTOR_1,3.01816871593782
NCI-H1703,FGFR.MTOR_1,4.71113057115643
BT-474,FGFR.MTOR_3,-1.83574130968598
CAL-120,FGFR.MTOR_3,5.9789266515613
DMS-114,FGFR.MTOR_3,-2.92976101672774
HCC1419,FGFR.MTOR_3,2.70072516708105
MDA-MB-361,FGFR.MTOR_3,2.93262690759048
BT-474,FGFR.PIK3C_MTOR,2.1978501392573
KMS-11,FGFR.PIK3C_MTOR,2.3677247303989
NCI-H1703,FGFR.PIK3C_MTOR,5.6850605682834
NCI-H520,FGFR.PIK3C_MTOR,11.7879480579266
T47D,FGFR.PIK3C_MTOR,8.72866810400927
CAL-120,FGFR.Proteasome_2,9.18871719687281
CAMA-1,FGFR.Proteasome_2,5.31741123156864
HCC1500,FGFR.Proteasome_2,16.5196625162496
KATOIII,FGFR.Proteasome_2,11.137264683327
RT4,FGFR.Proteasome_2,1.03744865492421
NCI-H1703,FGFR.WNT,-0.991583904743289
RT4,FGFR.WNT,-6.56334208630899
NCI-SNU-16,FGFR.WNT,-6.24013618631961
BFTC-905,ATM.Gemcitabine,17.0395180795425
HT-1376,ATM.Gemcitabine,16.7134181743575
UM-UC-3,ATM.Gemcitabine,8.08515571073441
KU-19-19,BCL2_BCL2L1.Gemcitabine,10.1764525585835
SW780,BCL2_BCL2L1.Gemcitabine,21.9123337343725
TCCSUP,BCL2_BCL2L1.Gemcitabine,12.0418111534571
647-V,ERBB.Gemcitabine,11.1971386791846
KU-19-19,ERBB.Gemcitabine,2.21004080007701
UM-UC-3,ERBB.Gemcitabine,8.29563423885736
SW780,Gemcitabine.PARP1,6.91461202444941
T-24,Gemcitabine.PARP1,5.72745697463815
VM-CUB-1,Gemcitabine.PARP1,-4.73915667553089
J82,ATR_4.HDAC_4,-16.4059255227947
SW780,ATR_4.HDAC_4,-27.5395468368771
UM-UC-3,ATR_4.HDAC_4,-1.56111074052328
647-V,HDAC_4.PARP1,-1.96579152535098
BFTC-905,HDAC_4.PARP1,13.6150584141106
HT-1197,HDAC_4.PARP1,-2.20230178446689
TCCSUP,HSP90.PARP1,13.1777848837135
Calu-6,ATR_4.IAP,-2.52312543590631
NCI-H1299,ATR_4.IAP,1.23394272245994
NCI-H1437,ATR_4.IAP,5.14692746516595
NCI-H1703,ATR_4.IAP,2.49945391573962
NCI-H2085,ATR_4.IAP,11.2948019414873
NCI-H2228,ATR_4.IAP,10.3350607001111
NCI-H23,ATR_4.IAP,7.99107559014912
SW780,ATR_4.IAP,-1.97721975230115
SW900,ATR_4.IAP,-5.63276524080168
A549,BCL2L1.IAP,32.5954125771289
DMS-114,BCL2L1.IAP,26.6474500257057
HCC1187,BCL2L1.IAP,38.9030752560726
HCC1954,BCL2L1.IAP,42.6127317328912
MCF7,BCL2L1.IAP,31.3261525171995
MDA-MB-157,BCL2L1.IAP,41.0056580575406
MDA-MB-415,BCL2L1.IAP,38.2764123929712
MDA-MB-436,BCL2L1.IAP,44.1486157124894
NCI-H2170,BCL2L1.IAP,30.1736873540097
NCI-H2228,BCL2L1.IAP,65.2080641140378
NCI-H226,BCL2L1.IAP,32.7212448820013
SW900,BCL2L1.IAP,49.4011982287682
T-24,BCL2_BCL2L1.IAP,23.0949637004976
UM-UC-3,BCL2_BCL2L1.IAP,2.98696534048033
VM-CUB-1,BCL2_BCL2L1.IAP,16.9545869542317
LS-513,CHEK1.IAP,-1.52533738657271
SW48,CHEK1.IAP,-4.23859897587335
A549,Doxorubicin.IAP,-0.311374776982138
NCI-H1975,Doxorubicin.IAP,-10.9155769843636
NCI-H2228,Doxorubicin.IAP,0.824050453601487
NCI-H2291,Doxorubicin.IAP,3.14632021961252
NCI-H23,Doxorubicin.IAP,6.85220061224962
NCI-H520,Doxorubicin.IAP,-6.00530329190253
SW900,Doxorubicin.IAP,12.0018731919409
HT-29,IAP.IGFR_3,15.1815315194507
LS-513,IAP.IGFR_3,12.8492552809268
SW948,IAP.IGFR_3,21.4232356400952
LS-513,IAP.IGFR_4,7.60652789520242
RKO,IAP.IGFR_4,10.0008527846392
SW48,IAP.IGFR_4,2.57196765781569
C32,IAP.JAK,4.16130492569125
COLO-205,IAP.JAK,7.25908608802322
SW837,IAP.JAK,-2.28670858237216
C32,IAP.Oxaliplatin,10.5699192712234
SW620,IAP.Oxaliplatin,27.7066650912214
SW837,IAP.Oxaliplatin,1.2724459565952
647-V,IAP.PARP1,31.5601678130239
C32,IAP.PARP1,19.8584867419599
HT-29,IAP.PARP1,15.7328889847895
SW837,IAP.PARP1,7.34981617657796
SW948,IAP.PARP1,32.5844247927395
UM-UC-3,IAP.PARP1,26.7160927429157
A549,IAP.PIK3C,17.4455199317105
C32,IAP.PIK3C,18.9123710330607
LS-513,IAP.PIK3C,26.712871880682
NCI-H1299,IAP.PIK3C,30.014157498986
NCI-H1437,IAP.PIK3C,17.7884047814285
NCI-H2228,IAP.PIK3C,29.6644341284593
NCI-H23,IAP.PIK3C,26.1899239042079
NCI-H522,IAP.PIK3C,40.072100578965
RKO,IAP.PIK3C,23.0740635991525
SW620,IAP.PIK3C,37.0813823609999
Calu-6,IAP.PIK3CA_3,23.774277236661
NCI-H2085,IAP.PIK3CA_3,31.3288982910281
NCI-H2228,IAP.PIK3CA_3,25.1870308554096
NCI-H3122,IAP.PIK3CA_3,11.9785610836692
NCI-H358,IAP.PIK3CA_3,20.556413094817
NCI-H522,IAP.PIK3CA_3,35.9397455669121
NCI-H838,IAP.PIK3CA_3,21.4348940020717
Calu-6,IAP.PIK3CB,28.8476226545132
COLO-205,IAP.PIK3CB,23.5401642253699
NCI-H1437,IAP.PIK3CB,18.4820897161706
NCI-H1793,IAP.PIK3CB,15.1052155393733
NCI-H2228,IAP.PIK3CB,30.2997899107231
NCI-H3122,IAP.PIK3CB,18.5310846148452
NCI-H358,IAP.PIK3CB,25.8628030017173
NCI-H520,IAP.PIK3CB,26.6000270772851
NCI-H747,IAP.PIK3CB,18.7360498691205
SW48,IAP.PIK3CB,24.8919112996307
C32,IAP.PTK2,17.1302621169819
LS-513,IAP.PTK2,25.3448060656776
SW837,IAP.PTK2,4.42237655060543
HT-29,IAP.SN38,32.0402793998257
LS-513,IAP.SN38,42.5189610131178
SW620,IAP.SN38,51.9834958524474
DMS-114,IAP.TNF,24.9937407758618
J82,IAP.TNF,19.4628048457382
NCI-H1703,IAP.TNF,18.8046966041913
RT4,IAP.TNF,95.7859003787087
VM-CUB-1,IAP.TNF,17.3036759369093
DMS-114,IAP.TOP2_2,15.4878828831942
NCI-H1793,IAP.TOP2_2,14.9668683181811
NCI-H1975,IAP.TOP2_2,15.5955962978193
NCI-H2228,IAP.TOP2_2,30.3180139931026
NCI-H3122,IAP.TOP2_2,19.6933842676762
NCI-H522,IAP.TOP2_2,39.8872202039853
SW900,IAP.TOP2_2,49.7743451731953
A549,IAP.Topotecan,21.3990153654832
NCI-H1563,IAP.Topotecan,31.8983285385829
NCI-H1703,IAP.Topotecan,18.2183091960843
NCI-H1975,IAP.Topotecan,19.4826886464877
NCI-H2085,IAP.Topotecan,37.5216388237021
NCI-H2228,IAP.Topotecan,31.5281953140126
NCI-H226,IAP.Topotecan,24.0724292404225
A549,IAP.Vinorelbine,15.3526335844302
DMS-114,IAP.Vinorelbine,13.2467387815983
NCI-H1437,IAP.Vinorelbine,16.5346574028133
NCI-H1793,IAP.Vinorelbine,6.51628926898374
NCI-H2085,IAP.Vinorelbine,32.628170805181
NCI-H358,IAP.Vinorelbine,20.6866984255054
NCI-H838,IAP.Vinorelbine,26.8776829226192
C32,JAK.MTOR,27.2490061830753
LS-513,JAK.MTOR,27.0190690467441
NCI-H747,JAK.MTOR,24.1432193758542
647-V,ATR_4.MAP2K_1,17.7382576871305
HT-1376,ATR_4.MAP2K_1,7.08681631868823
J82,ATR_4.MAP2K_1,15.9338788535754
SW780,ATR_4.MAP2K_1,13.5765336432083
T-24,ATR_4.MAP2K_1,9.82030099045298
BFTC-905,BCL2_BCL2L1.MAP2K_1,4.97971308485249
HT-1376,BCL2_BCL2L1.MAP2K_1,35.0798065873656
J82,BCL2_BCL2L1.MAP2K_1,-0.529658582555182
NCI-H1299,BRAF_M.MAP2K_1,40.2114522690728
NCI-H1437,BRAF_M.MAP2K_1,24.1467855102858
NCI-H1793,BRAF_M.MAP2K_1,11.6302585185831
NCI-H2085,BRAF_M.MAP2K_1,37.0187477530323
NCI-H2170,BRAF_M.MAP2K_1,17.304128726485
NCI-H23,BRAF_M.MAP2K_1,30.5122236835362
NCI-H522,BRAF_M.MAP2K_1,45.4216910499
NCI-H838,BRAF_M.MAP2K_1,32.0709610547196
RKO,BRAF_M.MAP2K_1,30.7101075886553
Calu-6,BRAF_M2.MAP2K_1,35.6232765603925
DMS-114,BRAF_M2.MAP2K_1,27.4210806247583
NCI-H1975,BRAF_M2.MAP2K_1,27.8880612589663
NCI-H226,BRAF_M2.MAP2K_1,19.4956233710697
NCI-H2291,BRAF_M2.MAP2K_1,32.0677129775273
NCI-H23,BRAF_M2.MAP2K_1,38.6312458975268
NCI-H522,BRAF_M2.MAP2K_1,23.5846978776096
SW900,BRAF_M2.MAP2K_1,31.3578957263696
647-V,HSP90.MAP2K_1,5.45572082278154
BT-474,HSP90.MAP2K_1,2.21430570409541
HT-1197,HSP90.MAP2K_1,4.84397946470728
T47D,HSP90.MAP2K_1,10.7210305116799
TCCSUP,HSP90.MAP2K_1,2.28937871805418
COLO-205,IGFR_3.MAP2K_1,22.6855910545576
HT-29,IGFR_3.MAP2K_1,16.1771984558138
SW48,IGFR_3.MAP2K_1,24.0521810353256
COLO-205,IGFR_4.MAP2K_1,17.8683814066459
HT-29,IGFR_4.MAP2K_1,24.1616400437549
NCI-H747,IGFR_4.MAP2K_1,17.3829604226657
EVSA-T,MAP2K_1.MTOR_1,-16.6534266809187
HCC1419,MAP2K_1.MTOR_1,-6.88726018938699
HCC1954,MAP2K_1.MTOR_1,-6.61720252860719
MCF7,MAP2K_1.MTOR_1,-17.478869380963
MDA-MB-361,MAP2K_1.MTOR_1,-5.37299075468998
MDA-MB-436,MAP2K_1.MTOR_1,-10.7524010913454
CAMA-1,MAP2K_1.PIK3C,15.530825717952
EVSA-T,MAP2K_1.PIK3C,7.47931416250883
HCC1419,MAP2K_1.PIK3C,34.5629006096933
HCC1569,MAP2K_1.PIK3C,21.3433536010213
HCC70,MAP2K_1.PIK3C,19.4464247765448
MDA-MB-157,MAP2K_1.PIK3C,35.7006411648352
MDA-MB-436,MAP2K_1.PIK3C,35.3846791861101
RKO,MAP2K_1.PIK3C,38.2084560782876
HT-1376,MAP2K_1.PIM1,32.1946785192226
J82,MAP2K_1.PIM1,48.4047295003602
TCCSUP,MAP2K_1.PIM1,41.8637019416111
UM-UC-3,MAP2K_1.PIM1,34.0539333462658
NCI-H747,MAP2K_1.PTK2,18.0476194148062
RKO,MAP2K_1.PTK2,31.6736251242123
SW48,MAP2K_1.PTK2,17.8275515582341
RKO,MAP2K_1.TKI,34.1347099302138
SW620,MAP2K_1.TKI,36.7971537117289
SW948,MAP2K_1.TKI,28.9791529902742
BT-20,MAP2K_3.PIK3C,56.2612947914516
HCC1419,MAP2K_3.PIK3C,51.2235810115402
MCF7,MAP2K_3.PIK3C,50.6760011528119
MDA-MB-361,MAP2K_3.PIK3C,40.7480369262589
MDA-MB-415,MAP2K_3.PIK3C,44.9052220086928
MDA-MB-436,MAP2K_3.PIK3C,53.7424354882756
A549,ALK.MTOR_1,35.3363539619331
NCI-H1437,ALK.MTOR_1,7.94465587008855
NCI-H2291,ALK.MTOR_1,28.88700207113
NCI-H520,ALK.MTOR_1,32.6853418454016
NCI-H522,ALK.MTOR_1,25.5162413577047
NCI-H1703,ALK_2.MTOR_1,43.0327737922662
NCI-H2085,ALK_2.MTOR_1,48.3785317990809
NCI-H2291,ALK_2.MTOR_1,29.8017450594665
NCI-H3122,ALK_2.MTOR_1,22.2441486343196
NCI-H522,ALK_2.MTOR_1,33.7425882037093
NCI-H838,ALK_2.MTOR_1,37.7843286614217
647-V,ATR_4.MTOR_1,-16.9384470535521
BFTC-905,ATR_4.MTOR_1,-23.6196957841012
T-24,ATR_4.MTOR_1,-17.830526505401
BFTC-905,ERBB.MTOR_1,35.1857607059984
HT-1376,ERBB.MTOR_1,36.2064237329915
J82,ERBB.MTOR_1,30.4291485443605
UM-UC-3,ERBB.MTOR_1,36.375552435894
VM-CUB-1,ERBB.MTOR_1,23.2312990528711
UACC-812,ESR1_1.MTOR_1,-11.9844438937917
UACC-812,ESR1_3.MTOR_1,17.0715363505249
647-V,FGFR.MTOR_1,5.01366112878732
BT-549,MAP2K_1.MTOR_1,-24.3085277888577
CAL-148,MAP2K_1.MTOR_1,-14.1516242740411
DU-4475,MAP2K_1.MTOR_1,-21.5152606284217
HT-1376,MAP2K_1.MTOR_1,-14.3125678337955
SW780,MAP2K_1.MTOR_1,-17.1828544020042
TCCSUP,MAP2K_1.MTOR_1,-29.1031278363475
UM-UC-3,MAP2K_1.MTOR_1,-22.587650885427
HT-1376,MTOR_1.PIK3C,18.2987373503958
J82,MTOR_1.PIK3C,30.4461429271981
MDA-MB-361,MTOR_1.PIK3C,20.2976998170927
MDA-MB-415,MTOR_1.PIK3C,25.0399021924387
MDA-MB-436,MTOR_1.PIK3C,18.9877584407308
MDA-MB-453,MTOR_1.PIK3C,-2.59849857774646
MDA-MB-468,MTOR_1.PIK3C,24.7125708631737
SW780,MTOR_1.PIK3C,25.2139990546527
UM-UC-3,MTOR_1.PIK3C,25.3088533628691
BT-474,HDAC_4.PARP1,1.14251161485867
HCC1500,HDAC_4.PARP1,-1.07168949301631
CAMA-1,HSP90.PARP1,4.16579366718975
HCC1419,HSP90.PARP1,12.9379018673292
HCC1500,HSP90.PARP1,4.9753450226951
MDA-MB-361,HSP90.PARP1,16.0634642553455
UACC-812,HSP90.PARP1,14.3260770035928
CAL-120,PARP1.PIK3C,12.1786469057185
CAL-51,PARP1.PIK3C,10.3034438809881
DU-4475,PARP1.PIK3C,-7.28090670063805
HCC1395,PARP1.PIK3C,8.9304742571006
HCC1806,PARP1.PIK3C,5.68298610908659
HCC38,PARP1.PIK3C,1.21993974512687
HCC70,PARP1.PIK3C,3.8669384574895
BT-20,PARP1.PIK3CB_PIK3CD,7.24008581473956
CAL-148,PARP1.PIK3CB_PIK3CD,11.8822850169362
CAMA-1,PARP1.PIK3CB_PIK3CD,1.98134556413289
MDA-MB-231,PARP1.PIK3CB_PIK3CD,8.18223582853466
MDA-MB-453,PARP1.PIK3CB_PIK3CD,7.31392089124769
MFM-223,PARP1.PIK3CB_PIK3CD,-0.814471050388578
Calu-6,ADAM17.PIK3C,33.8812883290115
NCI-H1437,ADAM17.PIK3C,12.2809347411647
NCI-H1563,ADAM17.PIK3C,24.3341699619282
NCI-H1703,ADAM17.PIK3C,23.267095342951
NCI-H2228,ADAM17.PIK3C,32.6505228026864
NCI-H226,ADAM17.PIK3C,19.4909408638568
NCI-H358,ADAM17.PIK3C,17.1331904308492
MCF7,AKT_1.PIK3C,32.3823762574682
MDA-MB-415,AKT_1.PIK3C,30.7212743251773
A549,ALK.PIK3C,25.596388564241
NCI-H1299,ALK.PIK3C,17.8623628130172
NCI-H1703,ALK.PIK3C,11.8269372822076
NCI-H1793,ALK.PIK3C,22.9111511890888
NCI-H23,ALK.PIK3C,19.2754571846893
NCI-H358,ALK.PIK3C,13.1988780285427
BFTC-905,HSP90.PIK3C,8.21124795540502
J82,HSP90.PIK3C,0.709475052586937
SW780,HSP90.PIK3C,0.909091127572218
647-V,IAP.PIK3C,32.1020990788206
HT-1376,IAP.PIK3C,34.2425646623187
SW780,IAP.PIK3C,3.01354109737504
T-24,IAP.PIK3C,36.4454933925286
BFTC-905,MAP2K_1.PIK3C,37.0452838576579
BT-549,MAP2K_1.PIK3C,24.081159096763
CAL-51,MAP2K_1.PIK3C,29.7302456444665
DU-4475,MAP2K_1.PIK3C,17.523007383327
Hs-578-T,MAP2K_1.PIK3C,-2.60218415121776
J82,MAP2K_1.PIK3C,37.4589633487376
MFM-223,MAP2K_1.PIK3C,21.3803769310851
SW780,MAP2K_1.PIK3C,33.9567661171554
UM-UC-3,MAP2K_1.PIK3C,26.1211283773471
CAL-120,MTOR_1.PIK3C,19.3945715313814
DU-4475,MTOR_1.PIK3C,3.67855539541734
HCC1806,MTOR_1.PIK3C,22.0313484720051
MFM-223,MTOR_1.PIK3C,-15.5435931551104
HT-1376,PARP1.PIK3C,3.93833959143889
J82,PARP1.PIK3C,10.5044230834834
TCCSUP,PARP1.PIK3C,7.69021035786657
UM-UC-3,PARP1.PIK3C,9.30116551621713
647-V,PIK3C.PIM1,3.95490159700568
SW780,PIK3C.PIM1,6.41239055792249
TCCSUP,PIK3C.PIM1,-7.83411514523091
647-V,PIK3C.TNFSF10,-15.0651254391668
BFTC-905,PIK3C.TNFSF10,-10.6402038507692
VM-CUB-1,PIK3C.TNFSF10,-13.2429068205592
A549,CSNK2A1_2.PIK3CA_3,3.01672557229488
Calu-6,CSNK2A1_2.PIK3CA_3,0.481310422864853
NCI-H1299,CSNK2A1_2.PIK3CA_3,5.99353006273537
NCI-H2085,CSNK2A1_2.PIK3CA_3,18.4411608690058
NCI-H520,CSNK2A1_2.PIK3CA_3,-4.97547827933961
SW900,CSNK2A1_2.PIK3CA_3,20.5232090955603
CAL-51,MTOR_1.PIK3CA_4,-1.45205506404813
HCC1806,MTOR_1.PIK3CA_4,-8.03940836596099
HCC38,MTOR_1.PIK3CA_4,-5.82812307461837
MDA-MB-157,MTOR_1.PIK3CA_4,12.1392538434918
MDA-MB-231,MTOR_1.PIK3CA_4,7.91337923090156
MDA-MB-436,MTOR_1.PIK3CA_4,-1.64676770051483
MDA-MB-468,MTOR_1.PIK3CA_4,-1.48425619331552
CAL-120,PIK3C_2.PIK3CA_4,-2.48054232415641
CAL-148,PIK3C_2.PIK3CA_4,-12.9342717238736
CAL-51,PIK3C_2.PIK3CA_4,-1.14926016351085
DU-4475,PIK3C_2.PIK3CA_4,-15.197035064747
HCC1428,PIK3C_2.PIK3CA_4,-5.29730149905621
HCC1806,PIK3C_2.PIK3CA_4,-0.823182625745147
MFM-223,PIK3C_2.PIK3CA_4,2.68874357801257
Calu-6,ALK_2.PIK3CB,33.6504008248178
NCI-H1793,ALK_2.PIK3CB,18.3305173840275
NCI-H2170,ALK_2.PIK3CB,25.3975723173275
NCI-H2291,ALK_2.PIK3CB,22.0389393184047
NCI-H23,ALK_2.PIK3CB,31.7003713354982
NCI-H3122,ALK_2.PIK3CB,20.4791054021809
Calu-6,PIK3CB.Topotecan,3.05177409917257
DMS-114,PIK3CB.Topotecan,-7.81724509662589
NCI-H1299,PIK3CB.Topotecan,1.63220380253341
NCI-H1437,PIK3CB.Topotecan,-13.2486737145019
NCI-H1975,PIK3CB.Topotecan,-12.4460572233882
NCI-H2170,PIK3CB.Topotecan,0.94119592855216
NCI-H2291,PIK3CB.Topotecan,-2.10918105441105
VCaP,ADAM17.PIK3CB_PIK3CD,-2.4932989194999
J82,EG5.PIK3CB_PIK3CD,-8.55685152663907
SW780,EG5.PIK3CB_PIK3CD,-11.4233017271238
TCCSUP,EG5.PIK3CB_PIK3CD,-25.0784509651883
647-V,PARP1.PIK3CB_PIK3CD,7.39447282503993
BFTC-905,PARP1.PIK3CB_PIK3CD,26.6390290360749
TCCSUP,PARP1.PIK3CB_PIK3CD,5.02299718031621
UM-UC-3,PARP1.PIK3CB_PIK3CD,8.98530979028505
VM-CUB-1,PARP1.PIK3CB_PIK3CD,8.24455884840538
BT-549,BCL2_BCL2L1.PIM1,0.668833505909319
CAL-120,BCL2_BCL2L1.PIM1,2.16687352590421
CAMA-1,BCL2_BCL2L1.PIM1,9.3661562109367
HCC1395,BCL2_BCL2L1.PIM1,-1.79158106456483
HCC1428,BCL2_BCL2L1.PIM1,11.4020732001694
HT-1376,BCL2_BCL2L1.PIM1,25.9095443033718
J82,BCL2_BCL2L1.PIM1,0.0784091550965371
KU-19-19,BCL2_BCL2L1.PIM1,2.74296586125009
MDA-MB-436,BCL2_BCL2L1.PIM1,15.4591093599356
T-24,BCL2_BCL2L1.PIM1,22.45276265676
BT-20,MAP2K_1.PIM1,47.0461303164281
CAMA-1,MAP2K_1.PIM1,25.4522783145148
HCC1428,MAP2K_1.PIM1,12.5288422857474
MDA-MB-157,MAP2K_1.PIM1,44.0181430371371
MDA-MB-436,MAP2K_1.PIM1,39.7178502987169
MFM-223,MAP2K_1.PIM1,19.7232346035027
CAL-148,PIK3C.PIM1,4.64364227045438
CAL-51,PIK3C.PIM1,0.844521129750859
HCC1428,PIK3C.PIM1,2.18156569225132
MDA-MB-231,PIK3C.PIM1,3.64652806054917
MDA-MB-453,PIK3C.PIM1,3.86739854879727
MDA-MB-468,PIK3C.PIM1,2.99834069710893
M14,PIK3C.PIM1,5.27535975304916
NCI-H1437,PIM1.TOP2_2,-6.4642114994819
NCI-H1703,PIM1.TOP2_2,11.3700244345785
NCI-H2085,PIM1.TOP2_2,28.9384318209614
NCI-H226,PIM1.TOP2_2,-17.2016519726611
NCI-H2291,PIM1.TOP2_2,4.68289809849241
NCI-H23,PIM1.TOP2_2,8.13820493745857
HCC1937,AKT.PIP5K1,9.75167626568584
HCC70,AKT.PIP5K1,-1.35957584156323
MDA-MB-157,AKT.PIP5K1,20.5505969698506
MDA-MB-231,AKT.PIP5K1,14.1645148774418
MDA-MB-453,AKT.PIP5K1,10.5188789170875
M14,AKT.PIP5K1,9.68708630519863
BT-20,MAP2K_1.PIP5K1,26.4322952163026
BT-549,MAP2K_1.PIP5K1,16.1664924556906
HCC1806,MAP2K_1.PIP5K1,23.3069735076581
HCC38,MAP2K_1.PIP5K1,27.7358740881125
MDA-MB-231,MAP2K_1.PIP5K1,29.2011297088853
MDA-MB-436,MAP2K_1.PIP5K1,23.7233903018423
BT-20,PIK3C.PIP5K1,10.512881825337
CAL-51,PIK3C.PIP5K1,10.7050214224793
HCC1143,PIK3C.PIP5K1,9.43318449456667
HCC1395,PIK3C.PIP5K1,9.57968536171739
HCC1428,PIK3C.PIP5K1,7.96111618180281
MDA-MB-231,PIK3C.PIP5K1,15.4415989438571
MFM-223,PIK3C.PIP5K1,5.02142161369413
CAL-51,PIK3CB_PIK3CD.PIP5K1,-6.03392380911997
HCC1143,PIK3CB_PIK3CD.PIP5K1,-12.5106022719389
HCC1395,PIK3CB_PIK3CD.PIP5K1,-3.97100975392318
HCC1428,PIK3CB_PIK3CD.PIP5K1,-10.7059238595702
HCC70,PIK3CB_PIK3CD.PIP5K1,-8.42169542861752
MDA-MB-453,PIK3CB_PIK3CD.PIP5K1,-9.87589653864389
BT-20,BCL2_BCL2L1.SLC16A4,27.877136975679
BT-549,BCL2_BCL2L1.SLC16A4,20.5203107355745
CAL-51,BCL2_BCL2L1.SLC16A4,27.2568313448595
HCC1937,BCL2_BCL2L1.SLC16A4,18.3251589037418
HCC70,BCL2_BCL2L1.SLC16A4,5.96923595957705
MDA-MB-468,BCL2_BCL2L1.SLC16A4,24.6266494624258
M14,BCL2_BCL2L1.SLC16A4,22.8199442412709
CAL-148,FGFR.SLC16A4,-22.4550449844179
CAL-51,FGFR.SLC16A4,-1.58198957330482
HCC1143,FGFR.SLC16A4,-3.87984689538186
HCC1937,FGFR.SLC16A4,-1.67099405204492
MDA-MB-231,FGFR.SLC16A4,0.389370276829267
MDA-MB-468,FGFR.SLC16A4,-12.8674786725322
BT-549,MAP2K_1.SLC16A4,6.46048850307398
CAL-51,MAP2K_1.SLC16A4,16.4506226081802
HCC1428,MAP2K_1.SLC16A4,-4.16718511962291
HCC1937,MAP2K_1.SLC16A4,16.5827476917726
MDA-MB-231,MAP2K_1.SLC16A4,29.8790423401958
MDA-MB-453,MAP2K_1.SLC16A4,-3.37109136932445
M14,MAP2K_1.SLC16A4,22.1684472474742
CAL-51,MTOR_1.SLC16A4,1.18588831132013
CAMA-1,MTOR_1.SLC16A4,-1.87370024189142
HCC1187,MTOR_1.SLC16A4,-6.11763331944045
HCC1395,MTOR_1.SLC16A4,4.36036909174761
HCC1806,MTOR_1.SLC16A4,1.35927058588336
HCC1937,MTOR_1.SLC16A4,1.42706256160126
Hs-578-T,MTOR_1.SLC16A4,-14.8911665926984
BT-20,PIK3CB_PIK3CD.SLC16A4,7.14156545687846
BT-549,PIK3CB_PIK3CD.SLC16A4,-4.02561325712416
CAMA-1,PIK3CB_PIK3CD.SLC16A4,-6.92997149352554
HCC1428,PIK3CB_PIK3CD.SLC16A4,-4.69489046011406
MDA-MB-453,PIK3CB_PIK3CD.SLC16A4,-2.61305473764454
MFM-223,PIK3CB_PIK3CD.SLC16A4,3.57086918028436
M14,PIK3CB_PIK3CD.SLC16A4,-2.02439500961162
COLO-205,IGFR_3.TKI,34.7429307004096
HT-29,IGFR_3.TKI,27.9933678661082
SW620,IGFR_3.TKI,42.9747625412491
A549,CSNK2A1_2.TNFSF10,13.4553932394707
NCI-H1437,CSNK2A1_2.TNFSF10,-7.29550060387687
NCI-H1793,CSNK2A1_2.TNFSF10,17.8535548138391
NCI-H1975,CSNK2A1_2.TNFSF10,-11.0499239881769
NCI-H838,CSNK2A1_2.TNFSF10,4.04688974738161
SW900,CSNK2A1_2.TNFSF10,0.00916009541755791
BT-20,AKT.TNKS_PARP6,11.5609515712383
CAL-51,AKT.TNKS_PARP6,2.49605228348794
HCC1395,AKT.TNKS_PARP6,7.11410395465326
HCC1428,AKT.TNKS_PARP6,-4.14509860080109
Hs-578-T,AKT.TNKS_PARP6,-7.29478278495705
MDA-MB-231,AKT.TNKS_PARP6,2.87431398233406
MDA-MB-436,AKT.TNKS_PARP6,14.8474110504017
CAL-51,FGFR.TNKS_PARP6,-3.69056610078664
CAMA-1,FGFR.TNKS_PARP6,-7.71602822524556
DU-4475,FGFR.TNKS_PARP6,-13.5735769633233
HCC70,FGFR.TNKS_PARP6,-15.6873491534893
MDA-MB-436,FGFR.TNKS_PARP6,1.44639372598384
MDA-MB-468,FGFR.TNKS_PARP6,-9.95024093290019
MFM-223,FGFR.TNKS_PARP6,-12.4471650000603
BT-549,MTOR_1.TNKS_PARP6,-10.148996017775
DU-4475,MTOR_1.TNKS_PARP6,-18.1866783790288
HCC1143,MTOR_1.TNKS_PARP6,-6.3284760857914
HCC1806,MTOR_1.TNKS_PARP6,-5.39383803712268
MDA-MB-157,MTOR_1.TNKS_PARP6,14.0596401662155
MFM-223,MTOR_1.TNKS_PARP6,-12.7027996255852
M14,MTOR_1.TNKS_PARP6,-2.53956862029625
BT-20,PIK3CB_PIK3CD.TNKS_PARP6,-1.37128551195201
CAL-120,PIK3CB_PIK3CD.TNKS_PARP6,-9.62827186838764
HCC1806,PIK3CB_PIK3CD.TNKS_PARP6,-10.8921130172962
Hs-578-T,PIK3CB_PIK3CD.TNKS_PARP6,-25.6924151577144
MDA-MB-436,PIK3CB_PIK3CD.TNKS_PARP6,0.0304820000980932
MDA-MB-468,PIK3CB_PIK3CD.TNKS_PARP6,-7.15932885470882
MFM-223,PIK3CB_PIK3CD.TNKS_PARP6,-4.02282436596141
Calu-6,ALK_2.TOP2,14.2691494499028
DMS-114,ALK_2.TOP2,5.23906953224849
NCI-H1703,ALK_2.TOP2,18.8069038122438
NCI-H1975,ALK_2.TOP2,6.9940599905196
NCI-H2228,ALK_2.TOP2,16.9062179374895
NCI-H2291,ALK_2.TOP2,22.1197177094653
Calu-6,Doxorubicin.TOP2,31.6305221199849
NCI-H1793,Doxorubicin.TOP2,15.0200012957593
NCI-H2085,Doxorubicin.TOP2,30.5207012543281
NCI-H2228,Doxorubicin.TOP2,26.9567353420671
NCI-H358,Doxorubicin.TOP2,18.440833744021
NCI-H838,Doxorubicin.TOP2,32.1075890923305
SW900,Doxorubicin.TOP2,17.2662940731338
DMS-114,BCL2L1.Vinorelbine,1.78310610859378
NCI-H1299,BCL2L1.Vinorelbine,17.7190260387141
NCI-H1703,BCL2L1.Vinorelbine,19.0362774529477
NCI-H2085,BCL2L1.Vinorelbine,12.1017044381606
NCI-H23,BCL2L1.Vinorelbine,14.388494085169
NCI-H3122,BCL2L1.Vinorelbine,25.8392975098362
Calu-3,BCL2_2.Vinorelbine,-0.560596421588288
Calu-6,BCL2_2.Vinorelbine,12.3790069780244
NCI-H1563,BCL2_2.Vinorelbine,8.33566113745447
NCI-H2085,BCL2_2.Vinorelbine,17.8832495179331
NCI-H23,BCL2_2.Vinorelbine,2.0973051683208
NCI-H520,BCL2_2.Vinorelbine,9.85346905499483
