"","V1","V2","V3","V4","V5","V6","V7","V8","V9","V10","V11","V12","V13","V14","V15","V16","V17","V18","V19","V20","V21","V22","V23","V24","V25","V26","V27","V28","V29","V30","V31","V32","V33","V34","V35","V36","V37","V38","V39","V40","V41","V42","V43","V44","V45","V46","V47","V48","V49","V50","V51","V52","V53","V54","V55","V56","V57","V58"
"22RV1",0.142857142857143,0.0991253644314869,0.26530612244898,0.0408163265306122,0.0174927113702624,0.0233236151603499,0.0116618075801749,0.0087463556851312,0.0087463556851312,0,0.00291545189504373,0,0,0,0.00583090379008746,0.244897959183673,0.122448979591837,0.00291545189504373,0,0,0,0,0,0,0,0,0,0,0,0,0,0,0,0,0,0,0,0,0,0,0,0,0,0,0,0,0,0.00291545189504373,0,0,0,0,0,0,0,0,0,0
"647-V",0.123152709359606,0.041871921182266,0.204433497536946,0.108374384236453,0.0517241379310345,0.0123152709359606,0.0123152709359606,0.00985221674876847,0.00738916256157635,0,0.00738916256157635,0.00738916256157635,0.00246305418719212,0.00246305418719212,0.0147783251231527,0.100985221674877,0.152709359605911,0.0541871921182266,0.0197044334975369,0,0.00246305418719212,0,0,0.00246305418719212,0,0,0,0.00246305418719212,0.0344827586206897,0.0147783251231527,0.00738916256157635,0,0,0,0.00246305418719212,0,0,0,0,0,0,0,0,0,0,0,0,0,0,0,0,0,0,0,0,0,0,0
"A549",0.19281045751634,0.0326797385620915,0.179738562091503,0.117647058823529,0.0751633986928105,0.0294117647058824,0.0163398692810458,0.00980392156862745,0.00980392156862745,0.0130718954248366,0.00326797385620915,0.0065359477124183,0,0,0.0065359477124183,0.0522875816993464,0.15359477124183,0.0294117647058824,0.00326797385620915,0,0.00326797385620915,0,0,0,0,0,0,0,0.042483660130719,0.0196078431372549,0,0,0,0,0,0,0,0,0,0,0,0,0,0,0,0,0,0,0,0,0,0,0,0,0.00326797385620915,0,0,0
"BFTC-905",0.119891008174387,0.0626702997275204,0.17983651226158,0.174386920980926,0.0817438692098093,0.0245231607629428,0.0108991825613079,0.00272479564032698,0.00272479564032698,0,0,0,0,0,0,0.0572207084468665,0.160762942779292,0.0163487738419619,0.0108991825613079,0,0,0.00272479564032698,0.00544959128065395,0,0,0,0,0,0.0354223433242507,0.0272479564032698,0.0163487738419619,0,0,0,0,0,0,0,0,0,0.00272479564032698,0.00272479564032698,0,0,0,0,0,0,0,0,0.00272479564032698,0,0,0,0,0,0,0
"BT-20",0.112745098039216,0.117647058823529,0.223039215686275,0.134803921568627,0.0637254901960784,0.017156862745098,0.00735294117647059,0,0,0,0,0,0,0,0,0.0563725490196078,0.117647058823529,0.0735294117647059,0.0196078431372549,0.00735294117647059,0,0,0,0,0,0,0,0,0.0220588235294118,0.0147058823529412,0.00490196078431373,0.00490196078431373,0,0.00245098039215686,0,0,0,0,0,0,0,0,0,0,0,0,0,0,0,0,0,0,0,0,0,0,0,0
"BT-474",0.063953488372093,0.0271317829457364,0.131782945736434,0.063953488372093,0.0542635658914729,0.0213178294573643,0.00775193798449612,0.00193798449612403,0.00387596899224806,0.00193798449612403,0,0,0.00193798449612403,0,0,0.11046511627907,0.203488372093023,0.0658914728682171,0.0348837209302326,0.0155038759689922,0.00387596899224806,0.00387596899224806,0.00581395348837209,0.00775193798449612,0.00387596899224806,0,0.00193798449612403,0,0.0736434108527132,0.0290697674418605,0.0174418604651163,0.00775193798449612,0.00968992248062015,0.00387596899224806,0.00387596899224806,0.00193798449612403,0.00193798449612403,0.00193798449612403,0.00387596899224806,0.00581395348837209,0.00193798449612403,0,0,0,0,0,0,0,0,0,0,0,0,0,0,0,0,0
"BT-549",0.229357798165138,0.0642201834862385,0.174311926605505,0.178899082568807,0.123853211009174,0.0137614678899083,0.00917431192660551,0,0.00458715596330275,0.00458715596330275,0,0,0,0,0,0.00917431192660551,0.0412844036697248,0.055045871559633,0.00917431192660551,0,0,0,0,0,0,0,0,0,0.055045871559633,0.0229357798165138,0,0,0,0,0,0,0,0,0,0.00458715596330275,0,0,0,0,0,0,0,0,0,0,0,0,0,0,0,0,0,0
"C32",0.0963391136801541,0.179190751445087,0.215799614643545,0.0366088631984586,0.0173410404624277,0.0134874759152216,0.00770712909441233,0.00578034682080925,0.00385356454720617,0.00192678227360308,0.00192678227360308,0,0,0.00192678227360308,0.00192678227360308,0.267822736030829,0.0886319845857418,0.0327552986512524,0.0269749518304432,0,0,0,0,0,0,0,0,0,0,0,0,0,0,0,0,0,0,0,0,0,0,0,0,0,0,0,0,0,0,0,0,0,0,0,0,0,0,0
"CAL-120",0.0815899581589958,0.0376569037656904,0.129707112970711,0.140167364016736,0.0920502092050209,0.0271966527196653,0.0125523012552301,0.00836820083682008,0.00209205020920502,0,0,0,0,0,0,0.0251046025104603,0.106694560669456,0.0711297071129707,0.0188284518828452,0.0104602510460251,0.00209205020920502,0.00209205020920502,0.00209205020920502,0.00418410041841004,0,0.00209205020920502,0.00209205020920502,0.00418410041841004,0.0606694560669456,0.0606694560669456,0.0230125523012552,0.0125523012552301,0.00418410041841004,0.00627615062761506,0,0.00418410041841004,0.00209205020920502,0,0.00209205020920502,0.0146443514644351,0.0104602510460251,0.00209205020920502,0.00627615062761506,0.00418410041841004,0,0,0,0,0.00209205020920502,0.00209205020920502,0,0,0,0,0,0,0,0
"CAL-148",0.154716981132075,0.0716981132075472,0.294339622641509,0.0641509433962264,0.0113207547169811,0.0113207547169811,0.00754716981132075,0,0,0,0,0,0,0,0,0.294339622641509,0.0566037735849057,0.030188679245283,0.00377358490566038,0,0,0,0,0,0,0,0,0,0,0,0,0,0,0,0,0,0,0,0,0,0,0,0,0,0,0,0,0,0,0,0,0,0,0,0,0,0,0
"CAL-51",0.322834645669291,0.228346456692913,0.165354330708661,0.015748031496063,0,0,0,0,0,0,0,0,0,0,0,0.259842519685039,0.0078740157480315,0,0,0,0,0,0,0,0,0,0,0,0,0,0,0,0,0,0,0,0,0,0,0,0,0,0,0,0,0,0,0,0,0,0,0,0,0,0,0,0,0
"Calu-3",0.113756613756614,0.0423280423280423,0.116402116402116,0.121693121693122,0.0687830687830688,0.0211640211640212,0.00264550264550265,0.00529100529100529,0.00529100529100529,0,0,0,0,0,0,0.0582010582010582,0.164021164021164,0.108465608465608,0.037037037037037,0.0105820105820106,0.00529100529100529,0,0.00529100529100529,0,0.00264550264550265,0,0,0,0.0423280423280423,0.0396825396825397,0.0185185185185185,0.00264550264550265,0,0,0,0,0,0,0.00264550264550265,0.00264550264550265,0,0.00264550264550265,0,0,0,0,0,0,0,0,0,0,0,0,0,0,0,0
"Calu-6",0.11070110701107,0.029520295202952,0.254612546125461,0.0848708487084871,0.0479704797047971,0.014760147601476,0.00738007380073801,0,0,0,0,0,0,0,0,0.0627306273062731,0.217712177121771,0.03690036900369,0.011070110701107,0.00738007380073801,0.003690036900369,0.003690036900369,0,0,0,0,0,0,0.0627306273062731,0.014760147601476,0.014760147601476,0.011070110701107,0.003690036900369,0,0,0,0,0,0,0,0,0,0,0,0,0,0,0,0,0,0,0,0,0,0,0,0,0
"CAMA-1",0.111969111969112,0.142857142857143,0.177606177606178,0.0694980694980695,0.0154440154440154,0.0115830115830116,0.00386100386100386,0,0,0,0,0.00386100386100386,0,0,0,0.250965250965251,0.142857142857143,0.0501930501930502,0.0154440154440154,0.00386100386100386,0,0,0,0,0,0,0,0,0,0,0,0,0,0,0,0,0,0,0,0,0,0,0,0,0,0,0,0,0,0,0,0,0,0,0,0,0,0
"COLO-205",0.140625,0.0357142857142857,0.138392857142857,0.133928571428571,0.0892857142857143,0.015625,0.00669642857142857,0.015625,0.00446428571428571,0.00223214285714286,0,0.00446428571428571,0.00223214285714286,0,0.00223214285714286,0.0223214285714286,0.185267857142857,0.0290178571428571,0.0178571428571429,0.00223214285714286,0.00669642857142857,0,0,0.00223214285714286,0,0,0.00223214285714286,0.00446428571428571,0.0558035714285714,0.0245535714285714,0.00446428571428571,0.0223214285714286,0.00669642857142857,0.00446428571428571,0.00446428571428571,0.00446428571428571,0.00223214285714286,0,0.00446428571428571,0,0,0.00223214285714286,0,0,0,0,0,0,0,0,0,0,0,0,0,0,0,0
"DMS-114",0.0966057441253264,0.0287206266318538,0.12532637075718,0.156657963446475,0.0757180156657963,0.0156657963446475,0.00783289817232376,0.0156657963446475,0.00261096605744125,0.00261096605744125,0.00261096605744125,0.00261096605744125,0,0,0,0.02088772845953,0.177545691906005,0.0574412532637076,0.010443864229765,0.0130548302872063,0.00783289817232376,0,0.010443864229765,0.00261096605744125,0.00261096605744125,0,0,0.00261096605744125,0.10443864229765,0.0417754569190601,0.00261096605744125,0,0,0.00261096605744125,0.00261096605744125,0,0.00261096605744125,0.00522193211488251,0,0,0,0,0,0,0,0,0,0,0,0,0,0,0,0,0,0,0,0
"DU-4475",0.0764119601328904,0.0232558139534884,0.182724252491694,0.026578073089701,0.116279069767442,0.026578073089701,0.00664451827242525,0.0132890365448505,0.00332225913621262,0.00332225913621262,0,0,0,0,0.00332225913621262,0.00996677740863787,0.079734219269103,0.0664451827242525,0.0166112956810631,0.0132890365448505,0.00996677740863787,0.00332225913621262,0.00332225913621262,0,0,0,0,0,0.262458471760797,0.0332225913621262,0.00664451827242525,0.0132890365448505,0,0,0,0,0,0,0,0,0,0,0,0,0,0,0,0,0,0,0,0,0,0,0,0,0,0
"EVSA-T",0.0618556701030928,0.0481099656357388,0.175257731958763,0.0859106529209622,0.0584192439862543,0.0446735395189003,0.00687285223367698,0.013745704467354,0.00343642611683849,0.00343642611683849,0,0,0,0,0.00343642611683849,0.0962199312714777,0.171821305841924,0.0756013745704467,0.0171821305841924,0.0171821305841924,0,0,0.00343642611683849,0.00343642611683849,0.00343642611683849,0,0,0,0.0652920962199313,0.0309278350515464,0.0103092783505155,0,0,0,0,0,0,0,0,0,0,0,0,0,0,0,0,0,0,0,0,0,0,0,0,0,0,0
"HCC1143",0.0940499040307102,0.0211132437619962,0.072936660268714,0.151631477927063,0.134357005758157,0.0518234165067179,0.0211132437619962,0.00767754318618042,0.00383877159309021,0.00191938579654511,0,0,0,0,0.00191938579654511,0.00383877159309021,0.0748560460652591,0.0671785028790787,0.0441458733205374,0.017274472168906,0,0.00191938579654511,0,0.00191938579654511,0.00191938579654511,0.00383877159309021,0,0,0.0806142034548944,0.0595009596928983,0.0287907869481766,0.0191938579654511,0.00575815738963532,0.00191938579654511,0.00383877159309021,0,0.00191938579654511,0,0,0.0134357005758157,0.00191938579654511,0.00383877159309021,0,0,0,0,0,0,0,0,0,0,0,0,0,0,0,0
"HCC1187",0.165584415584416,0.0487012987012987,0.262987012987013,0.11038961038961,0.0974025974025974,0.0292207792207792,0.00324675324675325,0.00324675324675325,0,0,0,0,0,0,0,0.00324675324675325,0.0779220779220779,0.0357142857142857,0.0227272727272727,0,0,0,0,0,0,0,0,0,0.0941558441558442,0.0292207792207792,0.00974025974025974,0.00324675324675325,0,0,0.00324675324675325,0,0,0,0,0,0,0,0,0,0,0,0,0,0,0,0,0,0,0,0,0,0,0
"HCC1395",0.127102803738318,0.0654205607476635,0.218691588785047,0.11214953271028,0.0878504672897196,0.0299065420560748,0.00747663551401869,0.00186915887850467,0,0,0,0,0,0,0.00186915887850467,0.0523364485981308,0.134579439252336,0.0411214953271028,0.0242990654205607,0.00934579439252336,0.00186915887850467,0,0,0.00186915887850467,0,0,0,0,0.0654205607476635,0.0130841121495327,0.00373831775700935,0,0,0,0,0,0,0,0,0,0,0,0,0,0,0,0,0,0,0,0,0,0,0,0,0,0,0
"HCC1419",0.0575916230366492,0.0130890052356021,0.0654450261780105,0.0837696335078534,0.107329842931937,0.0261780104712042,0.0130890052356021,0.00523560209424084,0,0,0,0,0,0,0,0.0104712041884817,0.146596858638743,0.0523560209424084,0.0261780104712042,0.0157068062827225,0.0183246073298429,0.0104712041884817,0.0130890052356021,0.00523560209424084,0.00261780104712042,0.00261780104712042,0,0.0104712041884817,0.154450261780105,0.0183246073298429,0.0157068062827225,0.0130890052356021,0.0104712041884817,0.00785340314136126,0.031413612565445,0.0157068062827225,0.0130890052356021,0.0104712041884817,0.0235602094240838,0,0,0,0,0,0,0,0,0,0,0,0,0,0,0,0,0,0,0
"HCC1428",0.104545454545455,0.0272727272727273,0.140909090909091,0.0727272727272727,0.120454545454545,0.0363636363636364,0.0204545454545455,0.00681818181818182,0,0,0.00227272727272727,0,0,0,0.00227272727272727,0,0.0954545454545455,0.0181818181818182,0.00681818181818182,0.0113636363636364,0.00909090909090909,0.0113636363636364,0.0113636363636364,0.00227272727272727,0,0,0,0,0.131818181818182,0.0795454545454545,0.0613636363636364,0.0159090909090909,0.00227272727272727,0.00454545454545455,0.00454545454545455,0,0,0,0,0,0,0,0,0,0,0,0,0,0,0,0,0,0,0,0,0,0,0
"HCC1500",0.133986928104575,0.241830065359477,0.205882352941176,0.0457516339869281,0.0065359477124183,0.00326797385620915,0.00326797385620915,0,0,0,0,0,0,0,0,0.215686274509804,0.0947712418300654,0.0294117647058824,0.0130718954248366,0,0.00326797385620915,0,0.00326797385620915,0,0,0,0,0,0,0,0,0,0,0,0,0,0,0,0,0,0,0,0,0,0,0,0,0,0,0,0,0,0,0,0,0,0,0
"HCC1569",0.116279069767442,0.0775193798449612,0.149870801033592,0.10594315245478,0.0645994832041344,0.0258397932816537,0.00516795865633075,0.00258397932816537,0.00258397932816537,0,0,0,0,0,0,0.0568475452196382,0.157622739018088,0.0775193798449612,0.0516795865633075,0.0180878552971576,0,0.00775193798449612,0,0.00258397932816537,0,0.00258397932816537,0.00258397932816537,0,0.0465116279069767,0.020671834625323,0.00516795865633075,0,0,0,0,0,0,0,0,0,0,0,0,0,0,0,0,0,0,0,0,0,0,0,0,0,0,0
"HCC1806",0.0798722044728434,0.185303514376997,0.185303514376997,0.108626198083067,0.0383386581469649,0.012779552715655,0.0159744408945687,0.00638977635782748,0,0,0,0,0,0,0,0.0862619808306709,0.118210862619808,0.073482428115016,0.00958466453674121,0.012779552715655,0,0.00638977635782748,0,0,0,0,0,0,0.0383386581469649,0.0159744408945687,0.00319488817891374,0.00319488817891374,0,0,0,0,0,0,0,0,0,0,0,0,0,0,0,0,0,0,0,0,0,0,0,0,0,0
"HCC1937",0.0758807588075881,0.00542005420054201,0.02710027100271,0.037940379403794,0.0650406504065041,0.021680216802168,0.016260162601626,0.002710027100271,0.010840108401084,0.00542005420054201,0,0,0.002710027100271,0,0.002710027100271,0.043360433604336,0.0948509485094851,0.157181571815718,0.0921409214092141,0.040650406504065,0.013550135501355,0.013550135501355,0.00542005420054201,0.002710027100271,0.002710027100271,0,0,0,0.0731707317073171,0.0840108401084011,0.016260162601626,0.010840108401084,0.00542005420054201,0,0.002710027100271,0,0,0,0,0.021680216802168,0.024390243902439,0.00542005420054201,0.00542005420054201,0,0,0,0,0,0.00813008130081301,0,0,0.002710027100271,0,0,0,0,0,0
"HCC1954",0.0420168067226891,0.00336134453781513,0.0168067226890756,0.0302521008403361,0.105882352941176,0.0302521008403361,0.026890756302521,0.0117647058823529,0.0117647058823529,0.00672268907563025,0.00336134453781513,0.00336134453781513,0.00168067226890756,0,0,0.00672268907563025,0.0941176470588235,0.0823529411764706,0.0420168067226891,0.0218487394957983,0.00840336134453781,0.00336134453781513,0.00168067226890756,0.00336134453781513,0.00336134453781513,0.00672268907563025,0.00168067226890756,0.0151260504201681,0.0705882352941176,0.107563025210084,0.0470588235294118,0.0134453781512605,0.0201680672268908,0.0100840336134454,0.00672268907563025,0.00168067226890756,0.00336134453781513,0.00168067226890756,0.0151260504201681,0.0285714285714286,0.0184873949579832,0.0100840336134454,0.00840336134453781,0.00336134453781513,0.00168067226890756,0.00336134453781513,0.00336134453781513,0.00840336134453781,0.00504201680672269,0.00672268907563025,0.00336134453781513,0.00336134453781513,0.00168067226890756,0.00168067226890756,0.00672268907563025,0,0.00168067226890756,0.00168067226890756
"HCC38",0.123844731977819,0.22181146025878,0.266173752310536,0.0573012939001848,0.00739371534195933,0.00369685767097967,0,0,0,0,0,0,0,0,0,0.170055452865065,0.129390018484288,0.00924214417744917,0.00369685767097967,0,0,0,0,0,0,0,0,0,0.00369685767097967,0.00184842883548983,0,0.00184842883548983,0,0,0,0,0,0,0,0,0,0,0,0,0,0,0,0,0,0,0,0,0,0,0,0,0,0
"HCC70",0.145631067961165,0.029126213592233,0.0485436893203883,0.0922330097087379,0.087378640776699,0.0242718446601942,0.029126213592233,0.00970873786407767,0.00485436893203883,0,0,0,0,0,0,0.00485436893203883,0.101941747572816,0.0436893203883495,0.0388349514563107,0.0436893203883495,0.0242718446601942,0.0145631067961165,0.00485436893203883,0,0,0,0,0,0.0339805825242718,0.0485436893203883,0.029126213592233,0.029126213592233,0.0145631067961165,0.00970873786407767,0.0145631067961165,0,0,0,0,0.0388349514563107,0.00970873786407767,0.0145631067961165,0,0,0,0,0,0,0.00485436893203883,0,0.00485436893203883,0,0,0,0,0,0,0
"HCT-116",0.163265306122449,0.136054421768707,0.261904761904762,0.0578231292517007,0.00680272108843537,0,0,0,0,0,0,0,0,0,0,0.30952380952381,0.0646258503401361,0,0,0,0,0,0,0,0,0,0,0,0,0,0,0,0,0,0,0,0,0,0,0,0,0,0,0,0,0,0,0,0,0,0,0,0,0,0,0,0,0
"Hs-578-T",0.18859649122807,0.0482456140350877,0.228070175438596,0.12719298245614,0.0263157894736842,0.0307017543859649,0.0043859649122807,0,0,0,0,0,0,0,0,0.087719298245614,0.197368421052632,0,0,0,0,0,0,0,0,0,0,0,0.0394736842105263,0.0219298245614035,0,0,0,0,0,0,0,0,0,0,0,0,0,0,0,0,0,0,0,0,0,0,0,0,0,0,0,0
"HT-1197",0.0991735537190083,0.0275482093663912,0.0964187327823691,0.0964187327823691,0.0716253443526171,0.0303030303030303,0.0110192837465565,0.00826446280991736,0.00826446280991736,0.00826446280991736,0,0.00275482093663912,0.00826446280991736,0.00275482093663912,0.0192837465564738,0.0495867768595041,0.203856749311295,0.0440771349862259,0.0110192837465565,0.00826446280991736,0,0,0,0,0,0,0.00275482093663912,0,0.148760330578512,0.0247933884297521,0.00826446280991736,0.00826446280991736,0,0,0,0,0,0,0,0,0,0,0,0,0,0,0,0,0,0,0,0,0,0,0,0,0,0
"HT-1376",0.100393700787402,0.00984251968503937,0.0216535433070866,0.0492125984251969,0.0846456692913386,0.100393700787402,0.0748031496062992,0.0236220472440945,0.0196850393700787,0.0078740157480315,0,0,0.00196850393700787,0,0.00196850393700787,0.0078740157480315,0.0216535433070866,0.0393700787401575,0.0354330708661417,0.0137795275590551,0.00393700787401575,0.00196850393700787,0,0,0,0,0,0,0.0295275590551181,0.0925196850393701,0.078740157480315,0.0078740157480315,0.0137795275590551,0.00196850393700787,0.00393700787401575,0,0,0,0,0.0492125984251969,0.0531496062992126,0.0177165354330709,0.00984251968503937,0.00393700787401575,0.00196850393700787,0,0,0.00196850393700787,0.00590551181102362,0.00590551181102362,0,0,0,0,0.00196850393700787,0,0,0
"HT-29",0.102222222222222,0.0533333333333333,0.146666666666667,0.106666666666667,0.0711111111111111,0.0222222222222222,0.00888888888888889,0.00222222222222222,0.00666666666666667,0.00222222222222222,0,0,0.00222222222222222,0,0,0.0666666666666667,0.237777777777778,0.0555555555555556,0.0133333333333333,0,0.00222222222222222,0,0,0,0,0,0,0,0.0688888888888889,0.0244444444444444,0,0,0.00222222222222222,0.00444444444444444,0,0,0,0,0,0,0,0,0,0,0,0,0,0,0,0,0,0,0,0,0,0,0,0
"J82",0.107583774250441,0.00529100529100529,0.0758377425044092,0.118165784832451,0.104056437389771,0.0229276895943563,0.0141093474426808,0.00529100529100529,0.00705467372134039,0.00529100529100529,0.00529100529100529,0.0017636684303351,0.0017636684303351,0,0.0105820105820106,0.0776014109347443,0.121693121693122,0.0529100529100529,0.00529100529100529,0,0.0017636684303351,0,0,0.0017636684303351,0,0,0,0,0.121693121693122,0.0899470899470899,0.0158730158730159,0.00529100529100529,0.0017636684303351,0.00352733686067019,0,0,0,0,0,0.00881834215167548,0.00529100529100529,0,0,0,0,0,0.0017636684303351,0,0,0,0,0,0,0,0,0,0,0
"KATOIII",0.130030959752322,0.0371517027863777,0.0928792569659443,0.126934984520124,0.0773993808049536,0.0340557275541796,0.0154798761609907,0.00928792569659443,0.00309597523219814,0.00619195046439629,0,0,0,0,0.00309597523219814,0.0309597523219814,0.154798761609907,0.0773993808049536,0.00928792569659443,0,0,0,0.00309597523219814,0.00309597523219814,0,0,0,0.00619195046439629,0.0588235294117647,0.0526315789473684,0.0495356037151703,0.0185758513931889,0,0,0,0,0,0,0,0,0,0,0,0,0,0,0,0,0,0,0,0,0,0,0,0,0,0
"KMS-11",0.0984340044742729,0.0514541387024608,0.114093959731544,0.100671140939597,0.118568232662192,0.0223713646532438,0.0134228187919463,0,0,0,0,0,0,0,0,0.0671140939597315,0.187919463087248,0.0357941834451902,0.0156599552572707,0.00671140939597315,0.00447427293064877,0,0,0,0,0,0,0,0.123042505592841,0.0357941834451902,0,0.00447427293064877,0,0,0,0,0,0,0,0,0,0,0,0,0,0,0,0,0,0,0,0,0,0,0,0,0,0
"KU-19-19",0.114285714285714,0.0285714285714286,0.080952380952381,0.0476190476190476,0.0857142857142857,0.0285714285714286,0.00476190476190476,0.00952380952380952,0,0,0,0,0,0,0,0.0428571428571429,0.214285714285714,0.0571428571428571,0.0380952380952381,0,0.00476190476190476,0.00476190476190476,0.00476190476190476,0,0.00476190476190476,0.00476190476190476,0,0,0.128571428571429,0.0476190476190476,0.0333333333333333,0.00952380952380952,0.00476190476190476,0,0,0,0,0,0,0,0,0,0,0,0,0,0,0,0,0,0,0,0,0,0,0,0,0
"LS-513",0.193832599118943,0.127753303964758,0.176211453744493,0.0837004405286344,0.0176211453744493,0.0176211453744493,0.013215859030837,0,0.013215859030837,0.00440528634361234,0,0.00440528634361234,0.00440528634361234,0,0.00440528634361234,0.215859030837004,0.101321585903084,0.013215859030837,0,0,0,0,0.00440528634361234,0,0,0,0,0,0,0.00440528634361234,0,0,0,0,0,0,0,0,0,0,0,0,0,0,0,0,0,0,0,0,0,0,0,0,0,0,0,0
"M14",0.12621359223301,0.0266990291262136,0.155339805825243,0.143203883495146,0.0898058252427184,0.0145631067961165,0.00242718446601942,0,0,0.00242718446601942,0,0,0,0,0,0.0606796116504854,0.20631067961165,0.0315533980582524,0.0194174757281553,0,0,0,0,0,0,0,0,0,0.0970873786407767,0.0218446601941748,0.00242718446601942,0,0,0,0,0,0,0,0,0,0,0,0,0,0,0,0,0,0,0,0,0,0,0,0,0,0,0
"MCF7",0.0514285714285714,0.0385714285714286,0.127142857142857,0.11,0.118571428571429,0.0157142857142857,0.0114285714285714,0.01,0.00142857142857143,0,0,0.00142857142857143,0,0,0,0.0528571428571429,0.194285714285714,0.0542857142857143,0.0157142857142857,0.00857142857142857,0.00142857142857143,0.00428571428571429,0.00285714285714286,0.00142857142857143,0,0.00285714285714286,0.00285714285714286,0.00285714285714286,0.107142857142857,0.03,0.0185714285714286,0.00428571428571429,0,0,0,0,0,0.00142857142857143,0.00285714285714286,0.00428571428571429,0.00142857142857143,0,0,0,0,0,0,0,0,0,0,0,0,0,0,0,0,0
"MDA-MB-157",0.160804020100503,0.0678391959798995,0.241206030150754,0.0979899497487437,0.0879396984924623,0.0326633165829146,0.0175879396984925,0.00251256281407035,0.00251256281407035,0,0,0,0,0,0,0.0351758793969849,0.115577889447236,0.0326633165829146,0.00251256281407035,0,0,0,0,0,0,0,0,0,0.0653266331658292,0.0150753768844221,0.0150753768844221,0,0.00251256281407035,0,0,0,0,0,0,0.00251256281407035,0,0.00251256281407035,0,0,0,0,0,0,0,0,0,0,0,0,0,0,0,0
"MDA-MB-175-VII",0.123636363636364,0.0145454545454545,0.08,0.112727272727273,0.0509090909090909,0.0472727272727273,0.0145454545454545,0.00727272727272727,0.00727272727272727,0,0,0.00727272727272727,0,0,0,0.00363636363636364,0.12,0.0145454545454545,0.04,0.0290909090909091,0.00727272727272727,0,0,0,0,0,0,0,0.112727272727273,0.0909090909090909,0.0545454545454545,0.00727272727272727,0.0109090909090909,0.0109090909090909,0.00727272727272727,0.00363636363636364,0,0,0,0.0145454545454545,0,0.00727272727272727,0,0,0,0,0,0,0,0,0,0,0,0,0,0,0,0
"MDA-MB-231",0.161290322580645,0.039426523297491,0.139784946236559,0.150537634408602,0.0645161290322581,0.00716845878136201,0.003584229390681,0,0.003584229390681,0,0,0,0,0,0,0.039426523297491,0.232974910394265,0.0573476702508961,0.010752688172043,0,0,0,0,0,0,0,0,0,0.0573476702508961,0.025089605734767,0.00716845878136201,0,0,0,0,0,0,0,0,0,0,0,0,0,0,0,0,0,0,0,0,0,0,0,0,0,0,0
"MDA-MB-361",0.0876865671641791,0.0634328358208955,0.138059701492537,0.082089552238806,0.0559701492537313,0.0186567164179104,0.0130597014925373,0.00186567164179104,0,0,0,0,0,0,0,0.125,0.205223880597015,0.042910447761194,0.0111940298507463,0,0.00186567164179104,0.00373134328358209,0.00186567164179104,0.00186567164179104,0.00186567164179104,0,0,0,0.0764925373134328,0.0298507462686567,0.0223880597014925,0.0111940298507463,0.00373134328358209,0,0,0,0,0,0,0,0,0,0,0,0,0,0,0,0,0,0,0,0,0,0,0,0,0
"MDA-MB-415",0.117977528089888,0.0533707865168539,0.115168539325843,0.0870786516853933,0.0674157303370786,0.0140449438202247,0.0196629213483146,0.00280898876404494,0.00280898876404494,0.0112359550561798,0.00280898876404494,0,0,0,0,0.132022471910112,0.140449438202247,0.0589887640449438,0.0168539325842697,0.0337078651685393,0.0140449438202247,0.0168539325842697,0.0112359550561798,0.00561797752808989,0,0,0,0,0.0646067415730337,0,0.00280898876404494,0,0,0.00280898876404494,0.00280898876404494,0.00280898876404494,0,0,0,0,0,0,0,0,0,0,0,0,0,0,0,0,0,0,0,0,0,0
"MDA-MB-436",0.093816631130064,0.0213219616204691,0.245202558635394,0.0746268656716418,0.166311300639659,0.0341151385927505,0.0170575692963753,0.00852878464818763,0.00213219616204691,0,0.00213219616204691,0,0,0,0,0.00426439232409382,0.0724946695095949,0.0213219616204691,0.0106609808102345,0.00852878464818763,0,0,0,0,0,0,0,0,0.11727078891258,0.046908315565032,0.0383795309168444,0.00426439232409382,0.00213219616204691,0,0,0,0,0,0,0.00639658848614072,0.00213219616204691,0,0,0,0,0,0,0,0,0,0,0,0,0,0,0,0,0
"MDA-MB-453",0.075,0.00357142857142857,0.0660714285714286,0.0660714285714286,0.148214285714286,0.0446428571428571,0.0321428571428571,0.00535714285714286,0.00357142857142857,0.00178571428571429,0.00178571428571429,0.00178571428571429,0,0,0,0.00178571428571429,0.0339285714285714,0.0214285714285714,0.0125,0.00178571428571429,0.00357142857142857,0.00535714285714286,0.00178571428571429,0.00178571428571429,0.00178571428571429,0,0.00178571428571429,0,0.194642857142857,0.0410714285714286,0.151785714285714,0.0303571428571429,0.0160714285714286,0.00178571428571429,0,0.00178571428571429,0,0,0,0.00357142857142857,0.00714285714285714,0.00892857142857143,0.00178571428571429,0,0.00178571428571429,0.00178571428571429,0,0,0,0,0,0,0,0,0,0,0,0
"MDA-MB-468",0.136986301369863,0.023972602739726,0.208904109589041,0.0582191780821918,0.0308219178082192,0.00684931506849315,0.0136986301369863,0,0.00342465753424658,0.00342465753424658,0.00342465753424658,0,0,0,0,0.0582191780821918,0.133561643835616,0.10958904109589,0.0308219178082192,0.00684931506849315,0.00342465753424658,0.00342465753424658,0,0,0,0,0,0,0.0993150684931507,0.0376712328767123,0.0136986301369863,0.00342465753424658,0,0,0,0.00342465753424658,0,0,0.00342465753424658,0,0,0,0.00342465753424658,0,0,0,0,0,0,0,0,0,0,0,0,0,0,0
"MFM-223",0.0416666666666667,0.0783333333333333,0.186666666666667,0.0533333333333333,0.0783333333333333,0.0166666666666667,0.00833333333333333,0,0.00333333333333333,0.00333333333333333,0.00166666666666667,0,0,0,0.00166666666666667,0.126666666666667,0.165,0.0866666666666667,0.0216666666666667,0.00833333333333333,0.005,0.00666666666666667,0.00166666666666667,0.00333333333333333,0,0.00166666666666667,0.005,0.00333333333333333,0.0433333333333333,0.0333333333333333,0.005,0.00166666666666667,0,0,0.00166666666666667,0.00166666666666667,0,0,0.00166666666666667,0.00333333333333333,0,0,0,0,0,0,0,0,0,0,0,0,0,0,0,0,0,0
"NCI-H1299",0.100569259962049,0.015180265654649,0.0626185958254269,0.0834914611005693,0.129032258064516,0.0967741935483871,0.0607210626185958,0.0170777988614801,0.00759013282732448,0.00569259962049336,0,0,0,0,0.00189753320683112,0.00189753320683112,0.0398481973434535,0.0512333965844402,0.0265654648956357,0.0227703984819734,0.0189753320683112,0.00379506641366224,0.00379506641366224,0.00379506641366224,0.00379506641366224,0.00189753320683112,0,0,0.0455407969639469,0.0815939278937381,0.0246679316888046,0.0360531309297913,0.00569259962049336,0,0,0,0,0,0,0.0113851992409867,0.0132827324478178,0.0094876660341556,0,0.00189753320683112,0.00189753320683112,0,0,0,0.00379506641366224,0.00189753320683112,0,0.00189753320683112,0,0,0,0.00189753320683112,0,0
"NCI-H1437",0.156028368794326,0.0319148936170213,0.180851063829787,0.0815602836879433,0.0780141843971631,0.0319148936170213,0.00354609929078014,0.00709219858156028,0.00709219858156028,0,0,0,0,0,0,0.00709219858156028,0.152482269503546,0.0567375886524823,0.0177304964539007,0.0106382978723404,0.00354609929078014,0.0106382978723404,0,0,0,0,0,0,0.102836879432624,0.0283687943262411,0.0106382978723404,0.00709219858156028,0.00354609929078014,0,0,0,0,0,0,0.00354609929078014,0.00354609929078014,0,0.00354609929078014,0,0,0,0,0,0,0,0,0,0,0,0,0,0,0
"NCI-H1563",0.0906666666666667,0.0106666666666667,0.064,0.088,0.114666666666667,0.04,0.0213333333333333,0.0133333333333333,0.016,0.00266666666666667,0.00533333333333333,0.00533333333333333,0,0,0.0266666666666667,0.008,0.109333333333333,0.0506666666666667,0.0266666666666667,0.00266666666666667,0.00266666666666667,0.00266666666666667,0,0.00266666666666667,0,0,0,0.00266666666666667,0.125333333333333,0.0613333333333333,0.0453333333333333,0.016,0.0106666666666667,0,0.00533333333333333,0.00533333333333333,0,0.00266666666666667,0.00266666666666667,0.0186666666666667,0,0,0,0,0,0,0,0,0,0,0,0,0,0,0,0,0,0
"NCI-H1703",0.161434977578475,0.0896860986547085,0.20627802690583,0.062780269058296,0.0179372197309417,0.0134529147982063,0.0224215246636771,0.0224215246636771,0.00448430493273543,0,0.00896860986547085,0,0,0,0.00896860986547085,0.103139013452915,0.15695067264574,0.0538116591928251,0.00448430493273543,0.0134529147982063,0.0224215246636771,0.00896860986547085,0,0,0,0,0,0,0,0.00896860986547085,0.00896860986547085,0,0,0,0,0,0,0,0,0,0,0,0,0,0,0,0,0,0,0,0,0,0,0,0,0,0,0
"NCI-H1793",0.0915032679738562,0.0196078431372549,0.133986928104575,0.0555555555555556,0.0816993464052288,0.0163398692810458,0.00980392156862745,0.0065359477124183,0.00326797385620915,0,0,0,0.00326797385620915,0.00326797385620915,0.00326797385620915,0.0686274509803922,0.209150326797386,0.0490196078431373,0.0228758169934641,0.0163398692810458,0,0,0,0,0,0,0,0,0.160130718954248,0.0130718954248366,0.0261437908496732,0.00326797385620915,0,0,0,0,0,0,0,0,0,0,0,0.00326797385620915,0,0,0,0,0,0,0,0,0,0,0,0,0,0
"NCI-H1975",0.120822622107969,0.0488431876606684,0.125964010282776,0.0925449871465296,0.0951156812339332,0.0154241645244216,0.0205655526992288,0.0025706940874036,0,0.0025706940874036,0.0025706940874036,0,0,0,0,0.107969151670951,0.16452442159383,0.0539845758354756,0.0359897172236504,0,0,0.0025706940874036,0,0,0,0.0025706940874036,0,0,0.051413881748072,0.0282776349614396,0.0051413881748072,0.0051413881748072,0,0.0051413881748072,0,0,0,0,0,0.0102827763496144,0,0,0,0,0,0,0,0,0,0,0,0,0,0,0,0,0,0
"NCI-H2085",0.122983870967742,0.0241935483870968,0.167338709677419,0.155241935483871,0.0564516129032258,0.0100806451612903,0.00806451612903226,0.0100806451612903,0,0.00806451612903226,0,0.00403225806451613,0,0,0.00806451612903226,0.11491935483871,0.169354838709677,0.0584677419354839,0.0120967741935484,0,0,0,0,0,0,0,0,0.00201612903225806,0.0403225806451613,0.0201612903225806,0.00806451612903226,0,0,0,0,0,0,0,0,0,0,0,0,0,0,0,0,0,0,0,0,0,0,0,0,0,0,0
"NCI-H2170",0.136986301369863,0,0.0273972602739726,0.0445205479452055,0.0924657534246575,0.0376712328767123,0.0547945205479452,0.0342465753424658,0.0684931506849315,0.00684931506849315,0.00342465753424658,0,0.00342465753424658,0.00342465753424658,0.0136986301369863,0,0.00342465753424658,0.023972602739726,0.0273972602739726,0.00684931506849315,0,0.0102739726027397,0.00684931506849315,0,0,0,0,0,0.023972602739726,0.023972602739726,0.0924657534246575,0.00342465753424658,0.00342465753424658,0.00342465753424658,0,0,0,0,0.00342465753424658,0.0479452054794521,0.0616438356164384,0.0136986301369863,0.00684931506849315,0.00684931506849315,0,0,0.00342465753424658,0,0.0787671232876712,0.0136986301369863,0,0,0.00342465753424658,0,0.00342465753424658,0,0,0
"NCI-H2228",0.126410835214447,0.0135440180586907,0.121896162528217,0.0970654627539503,0.108352144469526,0.0790067720090293,0.0112866817155756,0.00225733634311512,0,0,0,0,0,0,0,0.0090293453724605,0.0812641083521445,0.0474040632054176,0.0203160270880361,0.0090293453724605,0,0.00225733634311512,0,0,0,0,0,0,0.121896162528217,0.0790067720090293,0.054176072234763,0.0112866817155756,0.00451467268623025,0,0,0,0,0,0,0,0,0,0,0,0,0,0,0,0,0,0,0,0,0,0,0,0,0
"NCI-H226",0.132075471698113,0.16711590296496,0.242587601078167,0.0566037735849057,0.0107816711590297,0.0134770889487871,0.00539083557951483,0.00269541778975741,0.00808625336927224,0.00269541778975741,0.00269541778975741,0.00269541778975741,0,0,0.00269541778975741,0.315363881401617,0.0242587601078167,0.00539083557951483,0,0,0.00269541778975741,0,0,0,0,0,0,0,0,0,0,0.00269541778975741,0,0,0,0,0,0,0,0,0,0,0,0,0,0,0,0,0,0,0,0,0,0,0,0,0,0
"NCI-H2291",0.194852941176471,0.0992647058823529,0.183823529411765,0.113970588235294,0.0808823529411765,0.0183823529411765,0.0147058823529412,0,0.00367647058823529,0,0,0,0,0,0.00367647058823529,0.0367647058823529,0.128676470588235,0.0551470588235294,0.0110294117647059,0.00735294117647059,0,0,0,0,0,0,0,0,0.0441176470588235,0,0,0.00367647058823529,0,0,0,0,0,0,0,0,0,0,0,0,0,0,0,0,0,0,0,0,0,0,0,0,0,0
"NCI-H23",0.178571428571429,0.0357142857142857,0.117857142857143,0.114285714285714,0.075,0.0178571428571429,0.0142857142857143,0.0142857142857143,0.00357142857142857,0.0107142857142857,0,0,0,0,0,0.0428571428571429,0.132142857142857,0.0857142857142857,0.0178571428571429,0,0,0,0,0,0,0.00357142857142857,0,0.00357142857142857,0.0821428571428571,0.025,0.00714285714285714,0.00714285714285714,0.00714285714285714,0.00357142857142857,0,0,0,0,0,0,0,0,0,0,0,0,0,0,0,0,0,0,0,0,0,0,0,0
"NCI-H3122",0.113953488372093,0.0232558139534884,0.0465116279069767,0.104651162790698,0.0837209302325581,0.0674418604651163,0.0162790697674419,0.00465116279069767,0.00465116279069767,0.00232558139534884,0.00465116279069767,0.00465116279069767,0.00232558139534884,0.00232558139534884,0.00232558139534884,0.0441860465116279,0.0906976744186047,0.132558139534884,0.0186046511627907,0.0162790697674419,0.00465116279069767,0.00697674418604651,0,0,0,0,0,0.00930232558139535,0.0534883720930233,0.0627906976744186,0.0186046511627907,0.00697674418604651,0.00232558139534884,0,0,0,0,0,0.00465116279069767,0.0116279069767442,0.00465116279069767,0.00465116279069767,0,0,0.00232558139534884,0,0,0.00697674418604651,0,0.00232558139534884,0,0.00232558139534884,0.00232558139534884,0.00232558139534884,0.00465116279069767,0,0,0
"NCI-H358",0.0902255639097744,0.0300751879699248,0.12531328320802,0.0701754385964912,0.06265664160401,0.0075187969924812,0.012531328320802,0.0075187969924812,0.0050125313283208,0,0.0050125313283208,0,0,0.0025062656641604,0.0025062656641604,0.162907268170426,0.305764411027569,0.0476190476190476,0.0050125313283208,0.0025062656641604,0,0,0,0,0,0,0,0,0.0526315789473684,0.0025062656641604,0,0,0,0,0,0,0,0,0,0,0,0,0,0,0,0,0,0,0,0,0,0,0,0,0,0,0,0
"NCI-H520",0.0668693009118541,0.00759878419452888,0.0349544072948328,0.0653495440729483,0.155015197568389,0.088145896656535,0.060790273556231,0.013677811550152,0.00303951367781155,0.00455927051671732,0,0,0.00151975683890578,0,0.00151975683890578,0.00303951367781155,0.0121580547112462,0.0364741641337386,0.0243161094224924,0.00759878419452888,0.00303951367781155,0.00303951367781155,0.00151975683890578,0.00151975683890578,0,0,0,0,0.033434650455927,0.144376899696049,0.11854103343465,0.0197568389057751,0.0121580547112462,0,0.00151975683890578,0.00151975683890578,0.00151975683890578,0,0.00151975683890578,0.0349544072948328,0.0243161094224924,0.00303951367781155,0.00151975683890578,0.00151975683890578,0,0,0.00151975683890578,0,0.00151975683890578,0.00151975683890578,0,0,0,0,0,0,0,0
"NCI-H522",0.122866894197952,0.0477815699658703,0.215017064846416,0.10580204778157,0.0750853242320819,0.0238907849829352,0.0102389078498294,0.00341296928327645,0.0102389078498294,0,0,0,0,0,0,0.0409556313993174,0.201365187713311,0.0068259385665529,0.0068259385665529,0.0102389078498294,0.0068259385665529,0,0,0,0,0,0,0,0.0648464163822526,0.0170648464163823,0.0102389078498294,0.0068259385665529,0.0102389078498294,0.00341296928327645,0,0,0,0,0,0,0,0,0,0,0,0,0,0,0,0,0,0,0,0,0,0,0,0
"NCI-H747",0.233050847457627,0.0635593220338983,0.161016949152542,0.0974576271186441,0.0974576271186441,0.0296610169491525,0.038135593220339,0.00847457627118644,0.00847457627118644,0.00847457627118644,0,0,0,0,0.00423728813559322,0.0211864406779661,0.0974576271186441,0.00847457627118644,0.00847457627118644,0.00847457627118644,0.00423728813559322,0,0,0,0,0,0,0,0.0974576271186441,0.00423728813559322,0,0,0,0,0,0,0,0,0,0,0,0,0,0,0,0,0,0,0,0,0,0,0,0,0,0,0,0
"NCI-H838",0.142523364485981,0.119158878504673,0.261682242990654,0.107476635514019,0.044392523364486,0.00467289719626168,0.00233644859813084,0.00467289719626168,0,0,0,0,0,0,0,0.0981308411214953,0.105140186915888,0.0514018691588785,0.0186915887850467,0,0.00233644859813084,0,0,0,0,0,0,0,0.014018691588785,0.00467289719626168,0.00233644859813084,0.00934579439252336,0.00467289719626168,0,0,0,0,0,0,0,0,0,0.00233644859813084,0,0,0,0,0,0,0,0,0,0,0,0,0,0,0
"NCI-SNU-16",0.0740740740740741,0.0111111111111111,0.0666666666666667,0.0444444444444444,0.122222222222222,0.0333333333333333,0.0148148148148148,0.00740740740740741,0.00740740740740741,0.00740740740740741,0,0,0,0,0.0037037037037037,0.0296296296296296,0.166666666666667,0.0962962962962963,0.0259259259259259,0,0,0,0,0.0111111111111111,0.0037037037037037,0,0,0.0296296296296296,0.174074074074074,0.0481481481481481,0.00740740740740741,0.00740740740740741,0.0037037037037037,0.0037037037037037,0,0,0,0,0,0,0,0,0,0,0,0,0,0,0,0,0,0,0,0,0,0,0,0
"RKO",0.173228346456693,0.173228346456693,0.125984251968504,0.0551181102362205,0.0236220472440945,0.015748031496063,0,0.0078740157480315,0,0,0,0,0,0,0,0.31496062992126,0.0866141732283465,0.015748031496063,0,0,0,0,0,0,0,0,0,0,0.0078740157480315,0,0,0,0,0,0,0,0,0,0,0,0,0,0,0,0,0,0,0,0,0,0,0,0,0,0,0,0,0
"RT4",0.136363636363636,0.0142045454545455,0.0795454545454545,0.0880681818181818,0.178977272727273,0.0369318181818182,0.0170454545454545,0.0142045454545455,0.00568181818181818,0.00852272727272727,0.00852272727272727,0.00284090909090909,0.00284090909090909,0.00568181818181818,0.0198863636363636,0.00568181818181818,0.0852272727272727,0.0255681818181818,0.0142045454545455,0,0.00284090909090909,0,0,0,0,0.00284090909090909,0,0.00284090909090909,0.198863636363636,0.0227272727272727,0.0170454545454545,0,0,0.00284090909090909,0,0,0,0,0,0,0,0,0,0,0,0,0,0,0,0,0,0,0,0,0,0,0,0
"SW48",0.198473282442748,0.152671755725191,0.213740458015267,0.0610687022900763,0.0152671755725191,0,0,0,0,0,0,0,0,0,0,0.320610687022901,0.0381679389312977,0,0,0,0,0,0,0,0,0,0,0,0,0,0,0,0,0,0,0,0,0,0,0,0,0,0,0,0,0,0,0,0,0,0,0,0,0,0,0,0,0
"SW620",0.172413793103448,0.153605015673981,0.307210031347962,0.0971786833855799,0.0219435736677116,0.00626959247648903,0.00313479623824451,0,0,0,0,0,0,0,0,0.122257053291536,0.0689655172413793,0.0125391849529781,0.00313479623824451,0.00940438871473354,0,0,0.00626959247648903,0,0.00313479623824451,0,0,0,0.00940438871473354,0.00313479623824451,0,0,0,0,0,0,0,0,0,0,0,0,0,0,0,0,0,0,0,0,0,0,0,0,0,0,0,0
"SW780",0.114285714285714,0.025974025974026,0.122077922077922,0.0805194805194805,0.21038961038961,0.0103896103896104,0.00779220779220779,0.00519480519480519,0,0,0,0,0,0,0,0,0.119480519480519,0.0311688311688312,0.00779220779220779,0.0025974025974026,0,0,0,0,0,0,0,0,0.205194805194805,0.0337662337662338,0.0207792207792208,0.0025974025974026,0,0,0,0,0,0,0,0,0,0,0,0,0,0,0,0,0,0,0,0,0,0,0,0,0,0
"SW837",0.163538873994638,0.2171581769437,0.260053619302949,0.0375335120643432,0.0134048257372654,0.00804289544235925,0,0,0,0,0,0,0,0,0,0.230563002680965,0.0616621983914209,0.00804289544235925,0,0,0,0,0,0,0,0,0,0,0,0,0,0,0,0,0,0,0,0,0,0,0,0,0,0,0,0,0,0,0,0,0,0,0,0,0,0,0,0
"SW900",0.123076923076923,0.0676923076923077,0.187692307692308,0.166153846153846,0.0707692307692308,0.0184615384615385,0.00923076923076923,0,0,0.00307692307692308,0,0,0,0,0,0.0584615384615385,0.169230769230769,0.0153846153846154,0.00615384615384615,0.00307692307692308,0,0,0,0,0,0,0,0,0.0553846153846154,0.04,0.00307692307692308,0,0,0,0,0,0,0,0,0,0.00307692307692308,0,0,0,0,0,0,0,0,0,0,0,0,0,0,0,0,0
"SW948",0.174193548387097,0.0387096774193548,0.180645161290323,0.141935483870968,0.0516129032258065,0.0193548387096774,0.0129032258064516,0.0129032258064516,0,0,0,0,0,0,0,0.0903225806451613,0.116129032258065,0.0387096774193548,0.00645161290322581,0,0,0,0,0,0,0,0,0,0.0709677419354839,0.0258064516129032,0.0193548387096774,0,0,0,0,0,0,0,0,0,0,0,0,0,0,0,0,0,0,0,0,0,0,0,0,0,0,0
"T-24",0.126126126126126,0.0045045045045045,0.018018018018018,0.256756756756757,0.220720720720721,0.027027027027027,0.018018018018018,0,0,0,0,0,0.0045045045045045,0,0,0,0.121621621621622,0.027027027027027,0,0.0135135135135135,0,0,0,0,0,0,0,0,0.0900900900900901,0.0495495495495495,0,0,0,0,0,0,0,0,0,0.0135135135135135,0.00900900900900901,0,0,0,0,0,0,0,0,0,0,0,0,0,0,0,0,0
"T47D",0.15028901734104,0.0346820809248555,0.225433526011561,0.0982658959537572,0.127167630057803,0.0144508670520231,0,0.00289017341040462,0,0,0,0,0,0,0,0.0115606936416185,0.109826589595376,0.0346820809248555,0.0173410404624277,0.0144508670520231,0.00289017341040462,0,0,0,0,0,0,0,0.132947976878613,0.0115606936416185,0.0115606936416185,0,0,0,0,0,0,0,0,0,0,0,0,0,0,0,0,0,0,0,0,0,0,0,0,0,0,0
"TCCSUP",0.192307692307692,0.0269230769230769,0.196153846153846,0.161538461538462,0.0769230769230769,0.0115384615384615,0.0192307692307692,0.0115384615384615,0,0,0,0,0,0,0,0.00384615384615385,0.142307692307692,0.0346153846153846,0.0115384615384615,0,0,0,0,0,0,0,0,0.00384615384615385,0.0846153846153846,0.0115384615384615,0.00384615384615385,0,0,0,0,0.00384615384615385,0,0,0.00384615384615385,0,0,0,0,0,0,0,0,0,0,0,0,0,0,0,0,0,0,0
"UACC-812",0.0670391061452514,0.0279329608938547,0.143389199255121,0.130353817504655,0.0502793296089385,0.0353817504655493,0.0130353817504655,0.00931098696461825,0.00186219739292365,0.00186219739292365,0,0,0.00186219739292365,0,0,0.0540037243947858,0.195530726256983,0.0242085661080074,0.0204841713221601,0.0223463687150838,0.0186219739292365,0.0242085661080074,0,0.00931098696461825,0.00186219739292365,0.00186219739292365,0,0,0.0670391061452514,0.0204841713221601,0.0279329608938547,0.0148975791433892,0.00558659217877095,0.00186219739292365,0.00186219739292365,0.00186219739292365,0.0037243947858473,0,0,0,0,0,0,0,0,0,0,0,0,0,0,0,0,0,0,0,0,0
"UM-UC-3",0.125786163522013,0.0670859538784067,0.10062893081761,0.132075471698113,0.119496855345912,0.0272536687631027,0.00838574423480084,0.00209643605870021,0.00209643605870021,0.00209643605870021,0,0,0,0,0,0.0607966457023061,0.10482180293501,0.10482180293501,0.0482180293501048,0.00209643605870021,0,0.00209643605870021,0,0,0,0,0,0,0.0356394129979036,0.0440251572327044,0.00628930817610063,0,0.00209643605870021,0,0,0,0,0,0,0,0,0,0,0.00209643605870021,0,0,0,0,0,0,0,0,0,0,0,0,0,0
"VCaP",0.0585106382978723,0.0283687943262411,0.074468085106383,0.0868794326241135,0.101063829787234,0.0301418439716312,0.0106382978723404,0.00531914893617021,0.00354609929078014,0.00709219858156028,0.00354609929078014,0.00177304964539007,0.00177304964539007,0.00177304964539007,0.00531914893617021,0.0726950354609929,0.214539007092199,0.0868794326241135,0.0212765957446809,0.00886524822695036,0.00709219858156028,0.00531914893617021,0,0.00177304964539007,0.00177304964539007,0.00177304964539007,0,0.00177304964539007,0.102836879432624,0.0354609929078014,0.00531914893617021,0.00354609929078014,0,0.00354609929078014,0,0,0,0,0,0.00531914893617021,0,0,0,0,0,0,0,0,0,0,0,0,0,0,0,0,0,0
"VM-CUB-1",0.0639269406392694,0.253424657534247,0.34703196347032,0.0251141552511416,0.0114155251141553,0,0,0,0,0,0,0,0,0,0,0.198630136986301,0.089041095890411,0.00684931506849315,0,0,0,0,0,0,0,0,0,0,0.0045662100456621,0,0,0,0,0,0,0,0,0,0,0,0,0,0,0,0,0,0,0,0,0,0,0,0,0,0,0,0,0
