CELL_LINE,COMBINATION_ID,PREDICTION
CAMA-1,ADAM17.AKT,-16.3961206176944
HCC1395,ADAM17.AKT,-3.81956095028993
Hs-578-T,ADAM17.AKT,-8.26772099816595
MDA-MB-157,ADAM17.AKT,10.0975035481106
MDA-MB-468,ADAM17.AKT,-9.54364999086025
MFM-223,ADAM17.AKT,-11.5457266016702
CAL-120,ADAM17.BCL2_BCL2L1,4.28213204596954
CAL-51,ADAM17.BCL2_BCL2L1,4.69242388311759
HCC1187,ADAM17.BCL2_BCL2L1,-3.04372181195849
HCC1428,ADAM17.BCL2_BCL2L1,3.29842611007527
HCC38,ADAM17.BCL2_BCL2L1,3.34393689432157
MDA-MB-453,ADAM17.BCL2_BCL2L1,16.141681020223
M14,ADAM17.BCL2_BCL2L1,9.77508571216606
BT-20,ADAM17.FGFR,8.25815110441468
CAL-51,ADAM17.FGFR,-1.01667321145803
CAMA-1,ADAM17.FGFR,4.14800115158194
HCC1428,ADAM17.FGFR,-3.2913164547961
HCC1806,ADAM17.FGFR,-4.33639207243637
MFM-223,ADAM17.FGFR,-21.9835615982991
BT-20,ADAM17.MAP2K_1,6.27129540604995
HCC1806,ADAM17.MAP2K_1,-11.0612914233974
HCC70,ADAM17.MAP2K_1,-6.95974101977669
MDA-MB-231,ADAM17.MAP2K_1,4.24752682424032
MDA-MB-468,ADAM17.MAP2K_1,-8.82104370368999
MFM-223,ADAM17.MAP2K_1,16.2972314695814
M14,ADAM17.MAP2K_1,4.84189419503253
CAL-148,ADAM17.MTOR_1,-17.3079275456498
CAL-51,ADAM17.MTOR_1,5.61626812528
HCC1937,ADAM17.MTOR_1,9.86288431134593
HCC70,ADAM17.MTOR_1,-5.16566536198051
Hs-578-T,ADAM17.MTOR_1,-2.98453607451745
MDA-MB-468,ADAM17.MTOR_1,-2.1197275673475
BT-20,ADAM17.PIK3C,34.3560059045135
CAL-51,ADAM17.PIK3C,15.1947417206338
HCC1395,ADAM17.PIK3C,30.6277575970409
HCC1428,ADAM17.PIK3C,3.22456490927529
HCC1937,ADAM17.PIK3C,11.9520676923427
MDA-MB-436,ADAM17.PIK3C,31.1530908312053
BT-20,ADAM17.PIK3CB_PIK3CD,0.144293126715871
CAMA-1,ADAM17.PIK3CB_PIK3CD,-13.925625663583
DU-4475,ADAM17.PIK3CB_PIK3CD,-5.20837001482365
HCC1937,ADAM17.PIK3CB_PIK3CD,6.60602793943316
HCC70,ADAM17.PIK3CB_PIK3CD,-3.39171325871228
MDA-MB-231,ADAM17.PIK3CB_PIK3CD,3.6361275541611
MDA-MB-453,ADAM17.PIK3CB_PIK3CD,-2.59720748521182
BT-474,AKT.AKT_1,19.9578247695287
HCC1419,AKT.AKT_1,29.9173940258526
HCC1500,AKT.AKT_1,9.87827530465431
MCF7,AKT.AKT_1,15.5612515692971
MDA-MB-361,AKT.AKT_1,9.18795640554194
647-V,AKT.ATR_4,8.08325188910149
UM-UC-3,AKT.ATR_4,-1.40245007256021
VM-CUB-1,AKT.ATR_4,-7.88782659987085
NCI-H1299,AKT.CSNK2A1_2,10.6067751754239
NCI-H1563,AKT.CSNK2A1_2,7.36152407107983
NCI-H1975,AKT.CSNK2A1_2,4.49437666146393
NCI-H2170,AKT.CSNK2A1_2,11.5466071360841
NCI-H3122,AKT.CSNK2A1_2,6.41672607944628
NCI-H838,AKT.CSNK2A1_2,17.405932751427
BT-474,AKT.Chloroquine,15.8202642658899
MDA-MB-361,AKT.Chloroquine,1.35426698568028
HT-1197,AKT.ERBB,10.3824346450937
22RV1,AKT.ERBB,8.08849497641893
TCCSUP,AKT.ERBB,-5.74196901477911
HT-1197,AKT.FGFR,17.9253695594577
HT-1376,AKT.FGFR,18.2375235303882
647-V,AKT.HDAC_4,-7.17865527421973
BT-474,AKT.HDAC_4,5.81953806348193
HT-1197,AKT.HDAC_4,-13.51291393577
MCF7,AKT.HDAC_4,-0.706089647127987
T47D,AKT.HDAC_4,-1.23908006873901
BT-549,AKT.PIK3CA_4,-0.0860209198689201
HCC1143,AKT.PIK3CA_4,-5.82048980080686
HCC1395,AKT.PIK3CA_4,4.14407595335274
HCC1806,AKT.PIK3CA_4,2.60250184646682
HCC70,AKT.PIK3CA_4,-4.89810909569352
Hs-578-T,AKT.PIK3CA_4,8.12228853836685
MDA-MB-468,AKT.PIK3CA_4,-4.35447206981205
DU-4475,AKT.PIK3C_2,-13.0955583243384
HCC1395,AKT.PIK3C_2,-0.99486163911644
MDA-MB-157,AKT.PIK3C_2,23.7653709835641
MDA-MB-231,AKT.PIK3C_2,-7.25854452701143
MDA-MB-436,AKT.PIK3C_2,5.72967650185445
MFM-223,AKT.PIK3C_2,10.2326765713358
HT-1376,AKT.TNF,30.9333556343255
TCCSUP,AKT.TNF,18.8907916247572
VM-CUB-1,AKT.TNF,25.9110836183287
BT-549,AKT.AKT_1,1.30979000655644
DU-4475,AKT.AKT_1,6.86219579307329
HCC1143,AKT.AKT_1,-4.71567783969877
HCC1395,AKT.AKT_1,9.2203086812843
CAL-148,AKT_1.PIK3C,29.4605069670158
HCC1143,AKT_1.PIK3C,18.5954715978972
HCC1395,AKT_1.PIK3C,32.7708235290705
HCC1428,AKT_1.PIK3C,22.3383298516351
HCC1937,AKT_1.PIK3C,27.0454762197263
HCC38,AKT_1.PIK3C,31.907262005652
Hs-578-T,AKT_1.PIK3C,24.9509962805929
MDA-MB-436,AKT_1.PIK3C,49.3969335149427
BT-549,AKT_1.PIK3CB_PIK3CD,11.3805542803901
CAL-120,AKT_1.PIK3CB_PIK3CD,14.1381515787935
HCC1187,AKT_1.PIK3CB_PIK3CD,9.09923769070284
HCC1395,AKT_1.PIK3CB_PIK3CD,18.7787761718488
HCC1937,AKT_1.PIK3CB_PIK3CD,15.8351042620834
HCC38,AKT_1.PIK3CB_PIK3CD,15.8487051325287
Hs-578-T,AKT_1.PIK3CB_PIK3CD,15.3205617395224
BT-20,AKT_1.PIK3C_2,34.0700444373824
BT-549,AKT_1.PIK3C_2,12.1062174862513
CAL-120,AKT_1.PIK3C_2,10.0842703717063
CAMA-1,AKT_1.PIK3C_2,34.6610275657027
HCC1937,AKT_1.PIK3C_2,14.3725321604629
MDA-MB-453,AKT_1.PIK3C_2,29.2015474060992
M14,AKT_1.PIK3C_2,20.5584694051554
CAL-148,AKT_SGK.BCL2_BCL2L1,14.8471095432218
CAL-51,AKT_SGK.BCL2_BCL2L1,10.9754579864419
DU-4475,AKT_SGK.BCL2_BCL2L1,-0.64971415040748
HCC1395,AKT_SGK.BCL2_BCL2L1,15.5779383449372
HCC1937,AKT_SGK.BCL2_BCL2L1,9.12102695786179
MDA-MB-231,AKT_SGK.BCL2_BCL2L1,4.05492915630846
MFM-223,AKT_SGK.BCL2_BCL2L1,25.8948190625585
CAMA-1,AKT_SGK.FGFR,16.7596429577179
HCC1937,AKT_SGK.FGFR,3.23522445641118
HCC38,AKT_SGK.FGFR,9.72507827920257
HCC70,AKT_SGK.FGFR,0.272350372616453
MDA-MB-157,AKT_SGK.FGFR,35.7487409942167
MFM-223,AKT_SGK.FGFR,11.7027177711015
M14,AKT_SGK.FGFR,12.6738747575749
CAL-120,AKT_SGK.MAP2K_1,10.3521010734308
HCC1143,AKT_SGK.MAP2K_1,7.53015949279303
HCC1187,AKT_SGK.MAP2K_1,4.9795304433246
HCC1428,AKT_SGK.MAP2K_1,9.44922652961468
HCC1806,AKT_SGK.MAP2K_1,21.6681320444025
MDA-MB-157,AKT_SGK.MAP2K_1,49.2231691714411
MDA-MB-468,AKT_SGK.MAP2K_1,4.02633719789653
CAL-148,AKT_SGK.PIK3C,11.8058823134948
CAMA-1,AKT_SGK.PIK3C,25.4208697873322
HCC1143,AKT_SGK.PIK3C,4.23804323586133
HCC1395,AKT_SGK.PIK3C,15.5932678251891
HCC38,AKT_SGK.PIK3C,7.96032472388036
MDA-MB-436,AKT_SGK.PIK3C,35.4534734354753
MDA-MB-453,AKT_SGK.PIK3C,23.1862401561568
BT-549,AKT.ALK_IGFR,19.9903386388275
CAL-51,AKT.ALK_IGFR,21.1243343438308
HCC1143,AKT.ALK_IGFR,4.32302118460008
HCC1187,AKT.ALK_IGFR,17.3783571832228
HCC1428,AKT.ALK_IGFR,8.9159418642569
HCC1806,AKT.ALK_IGFR,28.5776610703467
MFM-223,AKT.ALK_IGFR,20.6444310003865
BT-20,AKT_1.ALK_IGFR,25.7407551862091
HCC1187,AKT_1.ALK_IGFR,2.23491097149175
HCC1806,AKT_1.ALK_IGFR,17.341439235398
HCC38,AKT_1.ALK_IGFR,4.56307288275483
Hs-578-T,AKT_1.ALK_IGFR,-0.0452141945179889
MDA-MB-157,AKT_1.ALK_IGFR,30.6396975788031
MDA-MB-436,AKT_1.ALK_IGFR,21.0066198085363
BT-20,ALK_IGFR.MTOR_1,39.0855365892085
CAL-148,ALK_IGFR.MTOR_1,32.029431486018
DU-4475,ALK_IGFR.MTOR_1,6.51166905637336
HCC1143,ALK_IGFR.MTOR_1,15.3805334587328
HCC1937,ALK_IGFR.MTOR_1,20.677045849165
MDA-MB-157,ALK_IGFR.MTOR_1,41.9512897810839
MFM-223,ALK_IGFR.MTOR_1,5.21246884082472
BT-20,ALK_IGFR.PIK3CB_PIK3CD,39.0855365881526
CAMA-1,ALK_IGFR.PIK3CB_PIK3CD,31.4535608621293
DU-4475,ALK_IGFR.PIK3CB_PIK3CD,6.51166905661616
HCC1187,ALK_IGFR.PIK3CB_PIK3CD,24.3402296979054
HCC1806,ALK_IGFR.PIK3CB_PIK3CD,26.4832207806771
HCC1937,ALK_IGFR.PIK3CB_PIK3CD,20.6770458500856
BT-20,AKT.ATR_4,21.5660670199136
CAL-120,AKT.ATR_4,0.421829165225533
CAL-51,AKT.ATR_4,2.50624792693992
CAMA-1,AKT.ATR_4,4.49105752809869
HCC1187,AKT.ATR_4,1.65747803178172
HCC1395,AKT.ATR_4,15.806045849708
HCC1428,AKT.ATR_4,-7.21723075898442
BT-20,ATR_4.BCL2_BCL2L1,1.00415506748481
BT-549,ATR_4.BCL2_BCL2L1,-6.5386857482899
CAL-148,ATR_4.BCL2_BCL2L1,-0.39291609169784
DU-4475,ATR_4.BCL2_BCL2L1,-2.05559643440303
HCC1806,ATR_4.BCL2_BCL2L1,-15.0296003203734
HCC1937,ATR_4.BCL2_BCL2L1,-3.63612565126701
MDA-MB-157,ATR_4.BCL2_BCL2L1,-3.18381059517412
MDA-MB-436,ATR_4.BCL2_BCL2L1,-3.54717046989979
MFM-223,ATR_4.BCL2_BCL2L1,5.49519329962478
CAL-120,ATR_4.MAP2K_1,0.60324367592904
CAMA-1,ATR_4.MAP2K_1,4.27739610327835
HCC1187,ATR_4.MAP2K_1,18.391907763777
HCC1395,ATR_4.MAP2K_1,15.3393077742616
MDA-MB-231,ATR_4.MAP2K_1,26.4986032562865
BT-20,ATR_4.MTOR_1,-11.2843392915826
BT-549,ATR_4.MTOR_1,-24.3613862184961
CAL-148,ATR_4.MTOR_1,-13.3469278664218
HCC1143,ATR_4.MTOR_1,-22.0917275940919
HCC1187,ATR_4.MTOR_1,-21.2793752057596
MDA-MB-453,ATR_4.MTOR_1,-20.0704041553925
NCI-H1437,BCL2.CarboTaxol,-2.15076187131275
NCI-H1975,BCL2.CarboTaxol,16.7521723871324
NCI-H2228,BCL2.CarboTaxol,26.1409272590332
NCI-H2291,BCL2.CarboTaxol,15.9781674347354
NCI-H23,BCL2.CarboTaxol,22.7904800895349
NCI-H358,BCL2.CarboTaxol,15.2280204028075
C32,BCL2.IGFR_4,5.24634384614488
NCI-H747,BCL2.IGFR_4,-4.70716060963934
SW948,BCL2.IGFR_4,11.9037224871552
C32,BCL2.MAP2K_1,-1.42191641511917
COLO-205,BCL2.MAP2K_1,-5.64129282995028
HT-29,BCL2.MAP2K_1,5.43962722749306
C32,BCL2.Oxaliplatin,10.1012798446684
LS-513,BCL2.Oxaliplatin,18.4987527129964
SW837,BCL2.Oxaliplatin,-2.85091842031863
DMS-114,BCL2.Topotecan,-1.18400278460127
NCI-H1793,BCL2.Topotecan,-10.1930329087671
NCI-H226,BCL2.Topotecan,6.13952152836554
NCI-H23,BCL2.Topotecan,25.9027735003054
NCI-H358,BCL2.Topotecan,18.7428211224371
NCI-H520,BCL2.Topotecan,10.0140716509182
CAMA-1,AKT_1.BCL2_2,9.63184476624813
HCC70,AKT_1.BCL2_2,0.560799083148298
MDA-MB-415,AKT_1.BCL2_2,-1.42898312250191
MDA-MB-468,AKT_1.BCL2_2,-0.476833707092805
T47D,AKT_1.BCL2_2,15.0478240134314
CAL-120,AKT_1.BCL2_BCL2L1,12.4187504848705
CAL-51,AKT_1.BCL2_BCL2L1,10.7557479887456
HCC1428,AKT_1.BCL2_BCL2L1,9.83810744504439
MDA-MB-157,AKT_1.BCL2_BCL2L1,54.3244420643189
MDA-MB-231,AKT_1.BCL2_BCL2L1,3.27596475162992
MDA-MB-436,AKT_1.BCL2_BCL2L1,36.8649786023502
MDA-MB-453,AKT_1.BCL2_BCL2L1,25.9873901880173
T-24,ATR_4.BCL2_BCL2L1,5.56080997575633
BT-20,BCL2_BCL2L1.FGFR,2.91275024388641
BT-549,BCL2_BCL2L1.FGFR,-4.12565121160474
CAL-120,BCL2_BCL2L1.FGFR,-10.3332574733464
MFM-223,BCL2_BCL2L1.FGFR,17.3411222894464
M14,BCL2_BCL2L1.FGFR,0.434719517065279
CAL-148,BCL2_BCL2L1.MAP2K_1,-11.2515596849324
HCC1143,BCL2_BCL2L1.MAP2K_1,-13.4753746290065
HCC1428,BCL2_BCL2L1.MAP2K_1,-2.01068418867731
HCC1937,BCL2_BCL2L1.MAP2K_1,10.2183713387785
HCC38,BCL2_BCL2L1.MAP2K_1,0.994142165762725
Hs-578-T,BCL2_BCL2L1.MAP2K_1,-10.9724181865219
MDA-MB-436,BCL2_BCL2L1.MAP2K_1,8.23945439185947
MDA-MB-468,BCL2_BCL2L1.MAP2K_1,-10.0695766181984
CAL-120,BCL2_BCL2L1.PIK3CA_4,6.95957299983607
DU-4475,BCL2_BCL2L1.PIK3CA_4,20.0317428023641
HCC70,BCL2_BCL2L1.PIK3CA_4,-11.9930108904779
MDA-MB-157,BCL2_BCL2L1.PIK3CA_4,16.1550787183798
MDA-MB-436,BCL2_BCL2L1.PIK3CA_4,13.3407676265212
MFM-223,BCL2_BCL2L1.PIK3CA_4,16.5252826064284
M14,BCL2_BCL2L1.PIK3CA_4,8.01637039768399
CAMA-1,AKT.BCL2L1,19.1185937048303
HCC1395,AKT.BCL2L1,23.1924445220314
MCF7,AKT.BCL2L1,22.2993745077885
MDA-MB-361,AKT.BCL2L1,9.61775214707013
MDA-MB-453,AKT.BCL2L1,18.4742040890479
CAMA-1,AKT_1.BCL2L1,21.7565953214343
HCC1187,AKT_1.BCL2L1,-2.16058798191564
HCC1419,AKT_1.BCL2L1,26.3484747561556
MDA-MB-361,AKT_1.BCL2L1,4.88963648721064
MDA-MB-415,AKT_1.BCL2L1,4.55682204594883
BT-20,BCL2L1.MTOR_1,46.0450198776663
CAMA-1,BCL2L1.MTOR_1,41.7001762058009
HCC1395,BCL2L1.MTOR_1,29.8565510943818
HCC70,BCL2L1.MTOR_1,18.4336331688577
MDA-MB-436,BCL2L1.MTOR_1,43.9875689328033
BT-20,BCL2L1.PIK3C,36.4805696532332
HCC1419,BCL2L1.PIK3C,28.1235711615968
MCF7,BCL2L1.PIK3C,17.2284817685704
MDA-MB-361,BCL2L1.PIK3C,17.2615029249941
MDA-MB-453,BCL2L1.PIK3C,40.7667805808732
BT-20,BRAF_M2.MAP2K_1,37.3301610777537
HCC1954,BRAF_M2.MAP2K_1,49.2145287893727
MDA-MB-157,BRAF_M2.MAP2K_1,42.0087548159593
MDA-MB-361,BRAF_M2.MAP2K_1,31.6739947502716
CAMA-1,BRAF_M2.MAP2K_3,26.2506074322289
HCC1187,BRAF_M2.MAP2K_3,62.5630554539236
HCC1419,BRAF_M2.MAP2K_3,62.2189709080362
HCC1954,BRAF_M2.MAP2K_3,61.2701716456277
MDA-MB-361,BRAF_M2.MAP2K_3,47.5606384862266
MDA-MB-415,BRAF_M2.MAP2K_3,42.8878357344543
NCI-H1975,BRAF_M2.MAP2K_3,42.7726976752765
NCI-H2085,BRAF_M2.MAP2K_3,60.5435995594432
NCI-H2291,BRAF_M2.MAP2K_3,56.789958652586
NCI-H23,BRAF_M2.MAP2K_3,38.6091936641952
NCI-H358,BRAF_M2.MAP2K_3,41.0970332684877
HCC1419,ATR_4.CarboTaxol,9.37110405056591
HCC1569,ATR_4.CarboTaxol,10.9402030182136
HCC70,ATR_4.CarboTaxol,-11.3882890434106
MDA-MB-157,ATR_4.CarboTaxol,7.5019988305462
MDA-MB-468,ATR_4.CarboTaxol,9.68645502558576
NCI-H2085,ATR_4.CarboTaxol,10.5126758251512
NCI-H2228,ATR_4.CarboTaxol,6.07145776479116
NCI-H3122,ATR_4.CarboTaxol,11.4483631560283
SW900,ATR_4.CarboTaxol,8.77767038837543
NCI-H1299,BCL2L1.CarboTaxol,37.3023941599419
NCI-H1437,BCL2L1.CarboTaxol,2.46216716277343
NCI-H1975,BCL2L1.CarboTaxol,9.86265068776703
NCI-H23,BCL2L1.CarboTaxol,17.0239553156627
SW900,BCL2L1.CarboTaxol,28.4940445055224
A549,CHEK1.IAP,-1.96262848393772
BFTC-905,CHEK1.IAP,-7.37624885932333
HT-1197,CHEK1.IAP,-4.14507781167239
NCI-H1299,CHEK1.IAP,8.28667148666075
NCI-H23,CHEK1.IAP,16.9266103603512
NCI-H3122,CHEK1.IAP,4.81179667794699
NCI-H520,CHEK1.IAP,-6.69057933961632
NCI-H522,CHEK1.IAP,3.29448155863631
SW900,CHEK1.IAP,23.9737048272545
T-24,CHEK1.IAP,-16.9998904428453
HCC1187,AKT.Chloroquine,-0.211974239152756
HCC1954,AKT.Chloroquine,39.8433147418924
MDA-MB-157,AKT.Chloroquine,33.9216568240253
CAMA-1,AKT_1.Chloroquine,16.5447151962472
HCC1419,AKT_1.Chloroquine,23.4420549170684
MDA-MB-361,AKT_1.Chloroquine,1.92179236835508
MDA-MB-415,AKT_1.Chloroquine,2.22091017445075
MDA-MB-453,AKT_1.Chloroquine,11.0116746677165
HCC1419,Chloroquine.PIK3C,-8.8333250531232
HCC1569,Chloroquine.PIK3C,-4.04452974873017
MDA-MB-436,Chloroquine.PIK3C,-7.11123111131161
MDA-MB-453,Chloroquine.PIK3C,2.55841074503157
HT-1376,AKT.Cisplatin,4.02347021421741
SW780,AKT.Cisplatin,9.99936015783129
T-24,AKT.Cisplatin,14.5538254852806
HT-1197,Cisplatin.FGFR,14.8254909859697
HT-1376,Cisplatin.FGFR,-5.23757849160363
UM-UC-3,Cisplatin.FGFR,5.18701293955465
647-V,Cisplatin.HDAC_4,11.1760258334017
HT-1376,Cisplatin.HDAC_4,-0.753907904591347
UM-UC-3,Cisplatin.HDAC_4,7.4286093704918
647-V,Cisplatin.PARP1,4.69689978448882
BFTC-905,Cisplatin.PARP1,-4.98582970442689
HT-1197,Cisplatin.PARP1,-1.91217039081234
BFTC-905,Cisplatin.PIK3C,14.7787174200614
HT-1197,Cisplatin.PIK3C,0.261506687773123
J82,Cisplatin.PIK3C,4.57419199030552
EVSA-T,AKT.CSNK2A1_2,-1.29350983337235
HCC1395,AKT.CSNK2A1_2,11.9401669926028
HCC1419,AKT.CSNK2A1_2,22.7058990838154
MDA-MB-157,AKT.CSNK2A1_2,38.7411587973366
MDA-MB-436,AKT.CSNK2A1_2,22.6507415792116
T47D,AKT.CSNK2A1_2,15.5539556795912
NCI-H1563,ALK.CSNK2A1_2,22.5312863752977
NCI-H2085,ALK.CSNK2A1_2,46.059428516258
NCI-H2291,ALK.CSNK2A1_2,18.4513394305684
NCI-H522,ALK.CSNK2A1_2,26.3460406026994
NCI-H838,ALK.CSNK2A1_2,17.8498751257214
SW900,ALK.CSNK2A1_2,14.2244380843148
A549,BCL2.CSNK2A1_2,13.6674913740424
NCI-H1299,BCL2.CSNK2A1_2,38.1237889421464
NCI-H1793,BCL2.CSNK2A1_2,-14.4124746353622
NCI-H23,BCL2.CSNK2A1_2,14.1363642511728
NCI-H358,BCL2.CSNK2A1_2,19.8488791154002
NCI-H838,BCL2.CSNK2A1_2,14.9294010435261
NCI-H1299,CarboTaxol.CSNK2A1_2,8.28667148677686
NCI-H1975,CarboTaxol.CSNK2A1_2,-7.8057761636247
NCI-H358,CarboTaxol.CSNK2A1_2,-12.392144154497
NCI-H522,CarboTaxol.CSNK2A1_2,3.29448155846928
NCI-H838,CarboTaxol.CSNK2A1_2,-6.341287219048
A549,Carboplatin.CSNK2A1_2,42.4214846720669
Calu-3,Carboplatin.CSNK2A1_2,16.4652147646717
NCI-H1437,Carboplatin.CSNK2A1_2,12.4984571461827
NCI-H1703,Carboplatin.CSNK2A1_2,31.5588177804235
NCI-H1975,Carboplatin.CSNK2A1_2,29.3101791888184
NCI-H2085,Carboplatin.CSNK2A1_2,51.3611922649368
Calu-6,CSNK2A1_2.Gemcitabine,2.05840655216547
NCI-H1299,CSNK2A1_2.Gemcitabine,11.4540781616945
NCI-H1703,CSNK2A1_2.Gemcitabine,4.63480891809415
NCI-H2085,CSNK2A1_2.Gemcitabine,10.3629092047596
NCI-H838,CSNK2A1_2.Gemcitabine,3.06200873777813
A549,CSNK2A1_2.SYK,9.17562907654943
Calu-6,CSNK2A1_2.SYK,9.42711952837883
NCI-H1437,CSNK2A1_2.SYK,5.25974381816448
NCI-H2085,CSNK2A1_2.SYK,26.7214738935979
NCI-H2228,CSNK2A1_2.SYK,7.56180097117233
NCI-H23,CSNK2A1_2.SYK,19.35086216234
647-V,EG5.PARP1,30.8880870479452
UM-UC-3,EG5.PARP1,19.7945134862603
VM-CUB-1,EG5.PARP1,5.99442531250573
647-V,EG5.PIM1,-0.780776105907581
BFTC-905,EG5.PIM1,13.2708820333602
VM-CUB-1,EG5.PIM1,-3.62576489800619
CAL-120,AKT.EGFR,18.736482413601
CAMA-1,AKT.EGFR,28.7632794916986
HCC1428,AKT.EGFR,13.7633878027499
HCC38,AKT.EGFR,25.0459116817391
HCC70,AKT.EGFR,16.4731396713029
MDA-MB-231,AKT.EGFR,15.8226707316405
M14,AKT.EGFR,20.4979852529635
BT-549,AKT_1.EGFR,10.764147031518
CAL-120,AKT_1.EGFR,14.7324937643891
CAMA-1,AKT_1.EGFR,29.0124079880117
HCC1806,AKT_1.EGFR,27.1191311964747
HCC1937,AKT_1.EGFR,16.7554809653276
MDA-MB-231,AKT_1.EGFR,5.84295579097578
MFM-223,AKT_1.EGFR,33.0170231324871
CAMA-1,BCL2_BCL2L1.EGFR,-14.5866100539084
DU-4475,BCL2_BCL2L1.EGFR,14.9705654550111
HCC1806,BCL2_BCL2L1.EGFR,-14.9854592747967
HCC1937,BCL2_BCL2L1.EGFR,-4.66725400982897
Hs-578-T,BCL2_BCL2L1.EGFR,-0.0130796798715824
MDA-MB-157,BCL2_BCL2L1.EGFR,9.54824990004373
MDA-MB-436,BCL2_BCL2L1.EGFR,-3.16403421688285
DU-4475,EGFR.FGFR,15.8707429554021
HCC1143,EGFR.FGFR,24.3041787863222
HCC1187,EGFR.FGFR,31.0710271666498
HCC38,EGFR.FGFR,21.8348047754253
MDA-MB-453,EGFR.FGFR,26.291729698784
MDA-MB-468,EGFR.FGFR,33.9814964530332
DU-4475,EGFR.MAP2K_1,13.8928125155025
HCC1187,EGFR.MAP2K_1,7.59159144929333
HCC1395,EGFR.MAP2K_1,20.510796912424
HCC38,EGFR.MAP2K_1,-0.822486715701139
HCC70,EGFR.MAP2K_1,-7.44143063555788
MDA-MB-157,EGFR.MAP2K_1,15.8953577117873
MFM-223,EGFR.MAP2K_1,5.12902885834255
HCC70,AKT_1.EGFR_2,0.535107008809062
MCF7,AKT_1.EGFR_2,11.4366351563104
MDA-MB-157,AKT_1.EGFR_2,41.6278139500213
MDA-MB-361,AKT_1.EGFR_2,3.16534152479733
T47D,AKT_1.EGFR_2,9.73791566196821
NCI-H1703,ALK.EGFR_2,10.4777261653768
NCI-H226,ALK.EGFR_2,12.1632631984871
NCI-H2291,ALK.EGFR_2,12.4952141426406
NCI-H358,ALK.EGFR_2,1.90771141791084
NCI-H522,ALK.EGFR_2,10.4068559267326
SW900,ALK.EGFR_2,8.13571049586313
BT-474,AKT.ERBB,22.6436665974985
CAL-148,AKT.ERBB,14.5713820406461
HCC1187,AKT.ERBB,7.26480517441508
HCC1569,AKT.ERBB,22.1588465654857
HCC1806,AKT.ERBB,9.87304269574259
HCC1937,AKT.ERBB,14.5784715301693
HCC70,AKT.ERBB,2.15063409117277
MCF7,AKT.ERBB,18.5537192704635
MDA-MB-231,AKT.ERBB,13.2084574904434
MDA-MB-436,AKT.ERBB,24.5207076237732
BFTC-905,ERBB.FGFR,33.576266064359
CAMA-1,ERBB.FGFR,13.4667946523706
HCC1187,ERBB.FGFR,32.7358073728748
HCC1806,ERBB.FGFR,29.4840133516035
HCC1937,ERBB.FGFR,18.5801057039042
MDA-MB-468,ERBB.FGFR,22.1388564057533
MFM-223,ERBB.FGFR,9.21442346192825
TCCSUP,ERBB.FGFR,13.6184292598512
UM-UC-3,ERBB.FGFR,25.8373876398388
VM-CUB-1,ERBB.FGFR,15.8365597432591
BFTC-905,ERBB.IAP,3.34164053509498
HT-1197,ERBB.IAP,7.50700116576734
HT-1376,ERBB.IAP,20.3710489833332
647-V,ERBB.MAP2K_1,10.4534309733536
BFTC-905,ERBB.MAP2K_1,5.98449590203022
HCC1187,ERBB.MAP2K_1,-5.94762358791881
HCC1395,ERBB.MAP2K_1,8.56447501349838
HCC1428,ERBB.MAP2K_1,-22.1737901139635
J82,ERBB.MAP2K_1,-0.584960267184874
MDA-MB-157,ERBB.MAP2K_1,3.12846975251007
MFM-223,ERBB.MAP2K_1,-24.6452143730417
T-24,ERBB.MAP2K_1,11.1512559047174
BT-549,ERBB.MTOR_1,16.4479240044084
CAL-148,ERBB.MTOR_1,21.3404118050332
HCC1419,ERBB.MTOR_1,34.8512517646816
HCC38,ERBB.MTOR_1,30.850713614273
MCF7,ERBB.MTOR_1,32.3100199767967
MDA-MB-436,ERBB.MTOR_1,34.9280243628659
T47D,ERBB.MTOR_1,39.675734662561
HCC1143,ERBB.PIK3CA_4,5.67569876428862
HCC1395,ERBB.PIK3CA_4,30.0857825237892
HCC70,ERBB.PIK3CA_4,7.72064437131191
MDA-MB-157,ERBB.PIK3CA_4,25.2895434560843
MDA-MB-231,ERBB.PIK3CA_4,35.7483444157837
MDA-MB-453,ERBB.PIK3CA_4,-0.575369192013229
CAL-120,AKT_1.ESR1,-2.25675954832368
HCC1187,AKT_1.ESR1,-6.86653195328244
HCC1395,AKT_1.ESR1,5.00976268828705
HCC1428,AKT_1.ESR1,-3.66221515963142
HCC70,AKT_1.ESR1,-3.8519725885113
MDA-MB-453,AKT_1.ESR1,8.74464173525574
M14,AKT_1.ESR1,5.26397101311831
CAMA-1,ESR1.FGFR,15.3160454559217
HCC1143,ESR1.FGFR,10.773728947318
HCC1428,ESR1.FGFR,3.22974757446532
Hs-578-T,ESR1.FGFR,11.4936055063084
MDA-MB-231,ESR1.FGFR,43.4860026497876
MDA-MB-453,ESR1.FGFR,3.54847801438038
MDA-MB-468,ESR1.FGFR,27.9712260467829
BT-20,ESR1.MAP2K_1,-0.503062713999682
BT-549,ESR1.MAP2K_1,-3.35053127095965
CAMA-1,ESR1.MAP2K_1,-1.91237678665131
HCC1806,ESR1.MAP2K_1,-15.7601927581068
HCC38,ESR1.MAP2K_1,0.724392538049033
MDA-MB-436,ESR1.MAP2K_1,5.22524936366497
M14,ESR1.MAP2K_1,5.48212006418663
BT-20,ESR1.MTOR_1,31.03566039645
HCC1395,ESR1.MTOR_1,19.6323614879253
HCC1428,ESR1.MTOR_1,8.17273966382767
MDA-MB-436,ESR1.MTOR_1,34.7354131910571
MDA-MB-468,ESR1.MTOR_1,10.3831946739364
MFM-223,ESR1.MTOR_1,1.54295993030621
M14,ESR1.MTOR_1,22.0108738042762
HCC1395,AKT_1.ESR1_1,16.5987003233581
HCC1954,AKT_1.ESR1_1,55.0763127224473
MDA-MB-157,AKT_1.ESR1_1,55.7715429479472
MDA-MB-453,AKT_1.ESR1_1,26.3652684440085
T47D,AKT_1.ESR1_1,21.418107617343
CAMA-1,ESR1_1.MTOR_1,-25.6393552733676
EVSA-T,ESR1_1.MTOR_1,-14.133326787331
MCF7,ESR1_1.MTOR_1,0.832534313904675
MDA-MB-157,ESR1_1.MTOR_1,13.8125989874696
EVSA-T,ESR1_1.PIK3C,16.3093566336076
HCC1187,ESR1_1.PIK3C,13.1804755766581
HCC1419,ESR1_1.PIK3C,18.5744189161342
MDA-MB-415,ESR1_1.PIK3C,11.3660983821137
MDA-MB-436,ESR1_1.PIK3C,23.9217165341146
HCC1954,ESR1_3.MTOR_1,8.53909176036322
MDA-MB-157,ESR1_3.MTOR_1,43.4431348068021
MDA-MB-415,ESR1_3.MTOR_1,22.3826645680359
MDA-MB-453,ESR1_3.MTOR_1,18.8028239346118
T47D,ESR1_3.MTOR_1,19.169605303602
BT-549,BCL2_BCL2L1.FASN,-2.59368836564188
DU-4475,BCL2_BCL2L1.FASN,17.426993447579
HCC1187,BCL2_BCL2L1.FASN,-1.47013051033739
Hs-578-T,BCL2_BCL2L1.FASN,5.00268859968044
MDA-MB-157,BCL2_BCL2L1.FASN,17.0521070224031
MDA-MB-453,BCL2_BCL2L1.FASN,5.56617947829853
CAL-120,FASN.MAP2K_1,10.7068724054864
CAL-51,FASN.MAP2K_1,8.64440191270072
DU-4475,FASN.MAP2K_1,-0.365763502788893
HCC1187,FASN.MAP2K_1,12.9505809162402
HCC1806,FASN.MAP2K_1,11.2590880642168
MDA-MB-468,FASN.MAP2K_1,10.3831946740267
M14,FASN.MAP2K_1,22.0108738045216
BT-20,FASN.MTOR_1,33.2847190611917
CAMA-1,FASN.MTOR_1,11.3576557123683
HCC1806,FASN.MTOR_1,21.4735828159507
HCC1937,FASN.MTOR_1,10.9734257878218
MDA-MB-453,FASN.MTOR_1,1.34282486378576
MDA-MB-468,FASN.MTOR_1,24.544911526809
MFM-223,FASN.MTOR_1,14.3109293344672
HCC1143,AKT.FGFR,2.68991676821348
HCC1428,AKT.FGFR,3.91639789641632
HCC38,AKT.FGFR,12.2386737149831
KATOIII,AKT.FGFR,11.339973122452
MDA-MB-231,AKT.FGFR,14.6983005426211
MDA-MB-436,AKT.FGFR,34.3889845950378
MDA-MB-468,AKT.FGFR,2.70901336433155
NCI-H520,AKT.FGFR,11.6862815078877
RT4,AKT.FGFR,24.9070302463911
NCI-SNU-16,AKT.FGFR,12.4373402863158
J82,BCL2_BCL2L1.FGFR,-1.61028072939567
MCF7,BCL2_BCL2L1.FGFR,6.53432720356929
NCI-H1703,BCL2_BCL2L1.FGFR,17.1495680679276
NCI-SNU-16,BCL2_BCL2L1.FGFR,4.27655694833202
SW780,BCL2_BCL2L1.FGFR,5.61124265406366
TCCSUP,BCL2_BCL2L1.FGFR,-3.11831378432783
VM-CUB-1,BCL2_BCL2L1.FGFR,2.28435223543921
CAL-120,BCL2_BCL2L1_BCL2L2.FGFR,-9.4986267024053
HCC1500,BCL2_BCL2L1_BCL2L2.FGFR,3.93772192299314
MCF7,BCL2_BCL2L1_BCL2L2.FGFR,5.6225749737866
RT4,BCL2_BCL2L1_BCL2L2.FGFR,30.4174321930111
T47D,BCL2_BCL2L1_BCL2L2.FGFR,12.0095457206712
CAL-120,Chloroquine.FGFR,-7.77883287184351
HCC1500,Chloroquine.FGFR,12.012332223592
KATOIII,Chloroquine.FGFR,5.9772993523437
MCF7,Chloroquine.FGFR,1.10835340301498
NCI-SNU-16,Chloroquine.FGFR,5.44052068777736
MCF7,ERBB.FGFR,33.7489611861031
NCI-H1703,ERBB.FGFR,29.0226902902196
BT-20,FGFR.MTOR_1,10.3972732866902
BT-549,FGFR.MTOR_1,7.78872872222522
CAL-120,FGFR.MTOR_1,7.60607462837723
CAMA-1,FGFR.MTOR_1,11.0119384177014
DU-4475,FGFR.MTOR_1,-11.6030110123694
HCC1806,FGFR.MTOR_1,0.649489252530584
HCC38,FGFR.MTOR_1,-3.21668785765877
KATOIII,FGFR.MTOR_1,8.85868559332291
MDA-MB-436,FGFR.MTOR_1,8.57986000597765
MDA-MB-468,FGFR.MTOR_1,2.24919691044884
NCI-H1703,FGFR.MTOR_1,2.87144839481473
BT-474,FGFR.MTOR_3,5.51957435762982
CAL-120,FGFR.MTOR_3,16.3761635092987
DMS-114,FGFR.MTOR_3,2.3920880303534
HCC1419,FGFR.MTOR_3,4.38674982301176
MDA-MB-361,FGFR.MTOR_3,8.4628489701489
BT-474,FGFR.PIK3C_MTOR,2.99292976627483
KMS-11,FGFR.PIK3C_MTOR,4.42878214393647
NCI-H1703,FGFR.PIK3C_MTOR,6.33977407204102
NCI-H520,FGFR.PIK3C_MTOR,10.9195281197008
T47D,FGFR.PIK3C_MTOR,11.9124587566476
CAL-120,FGFR.Proteasome_2,13.4727604162265
CAMA-1,FGFR.Proteasome_2,10.0844444105584
HCC1500,FGFR.Proteasome_2,21.0585040544205
KATOIII,FGFR.Proteasome_2,16.2535543802841
RT4,FGFR.Proteasome_2,1.81358618054327
NCI-H1703,FGFR.WNT,6.72234072018703
RT4,FGFR.WNT,-2.80552311697935
NCI-SNU-16,FGFR.WNT,-0.39124106631159
BFTC-905,ATM.Gemcitabine,8.99034422669911
HT-1376,ATM.Gemcitabine,12.8272495017158
UM-UC-3,ATM.Gemcitabine,6.07265558496676
KU-19-19,BCL2_BCL2L1.Gemcitabine,6.50460339654063
SW780,BCL2_BCL2L1.Gemcitabine,21.9383346864927
TCCSUP,BCL2_BCL2L1.Gemcitabine,9.88368441597683
647-V,ERBB.Gemcitabine,15.0657865049126
KU-19-19,ERBB.Gemcitabine,8.05259716895958
UM-UC-3,ERBB.Gemcitabine,10.5357486534324
SW780,Gemcitabine.PARP1,13.3493592826636
T-24,Gemcitabine.PARP1,13.80301773032
VM-CUB-1,Gemcitabine.PARP1,-0.81102590418641
J82,ATR_4.HDAC_4,-16.971714947334
SW780,ATR_4.HDAC_4,-10.8885452218521
UM-UC-3,ATR_4.HDAC_4,-3.8255734881719
647-V,HDAC_4.PARP1,0.397910168717649
BFTC-905,HDAC_4.PARP1,12.0111924642142
HT-1197,HDAC_4.PARP1,0.109940148152887
TCCSUP,HSP90.PARP1,14.7420127287856
Calu-6,ATR_4.IAP,3.76241313733872
NCI-H1299,ATR_4.IAP,3.19419070117087
NCI-H1437,ATR_4.IAP,6.04652667402335
NCI-H1703,ATR_4.IAP,1.30958244929961
NCI-H2085,ATR_4.IAP,13.1621385500091
NCI-H2228,ATR_4.IAP,5.49578679448803
NCI-H23,ATR_4.IAP,13.299647956518
SW780,ATR_4.IAP,5.03596900819941
SW900,ATR_4.IAP,-1.21545969854892
A549,BCL2L1.IAP,30.2890783521444
DMS-114,BCL2L1.IAP,23.9611078342408
HCC1187,BCL2L1.IAP,32.5583865529199
HCC1954,BCL2L1.IAP,25.5550429119417
MCF7,BCL2L1.IAP,28.8557313096227
MDA-MB-157,BCL2L1.IAP,29.6757599966439
MDA-MB-415,BCL2L1.IAP,33.5045075318133
MDA-MB-436,BCL2L1.IAP,36.791646628804
NCI-H2170,BCL2L1.IAP,31.0135616978775
NCI-H2228,BCL2L1.IAP,55.7658272060937
NCI-H226,BCL2L1.IAP,16.6566881281694
SW900,BCL2L1.IAP,37.7266433527815
T-24,BCL2_BCL2L1.IAP,21.4076220796113
UM-UC-3,BCL2_BCL2L1.IAP,12.2893731176445
VM-CUB-1,BCL2_BCL2L1.IAP,17.0125850476042
LS-513,CHEK1.IAP,4.62091852107908
SW48,CHEK1.IAP,5.58455313690199
A549,Doxorubicin.IAP,-1.61711802541336
NCI-H1975,Doxorubicin.IAP,-7.74140073622318
NCI-H2228,Doxorubicin.IAP,-1.28084093885244
NCI-H2291,Doxorubicin.IAP,7.05385010385278
NCI-H23,Doxorubicin.IAP,13.3290778287738
NCI-H520,Doxorubicin.IAP,-5.77377330128263
SW900,Doxorubicin.IAP,21.0670079544134
HT-29,IAP.IGFR_3,10.1975710498757
LS-513,IAP.IGFR_3,9.13474958327274
SW948,IAP.IGFR_3,30.7461735752494
LS-513,IAP.IGFR_4,23.7742523652608
RKO,IAP.IGFR_4,10.3821871581295
SW48,IAP.IGFR_4,4.70242065910062
C32,IAP.JAK,1.32340939493555
COLO-205,IAP.JAK,6.44651843879083
SW837,IAP.JAK,-7.62083533510013
C32,IAP.Oxaliplatin,11.2627295336937
SW620,IAP.Oxaliplatin,40.3415953131487
SW837,IAP.Oxaliplatin,-6.1654173783643
647-V,IAP.PARP1,26.211674746803
C32,IAP.PARP1,19.6681133578864
HT-29,IAP.PARP1,3.11160006124774
SW837,IAP.PARP1,-0.969285293349389
SW948,IAP.PARP1,30.8706565782773
UM-UC-3,IAP.PARP1,13.8403377832378
A549,IAP.PIK3C,10.8849425269126
C32,IAP.PIK3C,17.9751631683545
LS-513,IAP.PIK3C,37.9028939147492
NCI-H1299,IAP.PIK3C,28.7289184934102
NCI-H1437,IAP.PIK3C,16.4795205402397
NCI-H2228,IAP.PIK3C,27.8767927780457
NCI-H23,IAP.PIK3C,22.9051343556913
NCI-H522,IAP.PIK3C,39.0264382593917
RKO,IAP.PIK3C,13.0251172551141
SW620,IAP.PIK3C,49.8724330174682
Calu-6,IAP.PIK3CA_3,16.3238795300386
NCI-H2085,IAP.PIK3CA_3,33.0542191436614
NCI-H2228,IAP.PIK3CA_3,25.5676906325769
NCI-H3122,IAP.PIK3CA_3,9.04263814821625
NCI-H358,IAP.PIK3CA_3,21.605504616462
NCI-H522,IAP.PIK3CA_3,35.3453017294887
NCI-H838,IAP.PIK3CA_3,23.277335102109
Calu-6,IAP.PIK3CB,19.7431315233022
COLO-205,IAP.PIK3CB,18.6955581209583
NCI-H1437,IAP.PIK3CB,17.9581192299502
NCI-H1793,IAP.PIK3CB,14.3637808891418
NCI-H2228,IAP.PIK3CB,29.225882486445
NCI-H3122,IAP.PIK3CB,14.3442661376663
NCI-H358,IAP.PIK3CB,25.972937157875
NCI-H520,IAP.PIK3CB,25.2405462893252
NCI-H747,IAP.PIK3CB,21.4409484066223
SW48,IAP.PIK3CB,25.2961477673191
C32,IAP.PTK2,14.8429196064973
LS-513,IAP.PTK2,40.2722012020571
SW837,IAP.PTK2,-6.37617732619112
HT-29,IAP.SN38,16.1914301277472
LS-513,IAP.SN38,51.6911150551578
SW620,IAP.SN38,59.5558474205417
DMS-114,IAP.TNF,16.845513962405
J82,IAP.TNF,4.59115215781269
NCI-H1703,IAP.TNF,16.8532959283215
RT4,IAP.TNF,99.2598822384475
VM-CUB-1,IAP.TNF,5.7815242048552
DMS-114,IAP.TOP2_2,15.4577752497514
NCI-H1793,IAP.TOP2_2,16.4591846028506
NCI-H1975,IAP.TOP2_2,13.9941675018787
NCI-H2228,IAP.TOP2_2,29.4046615509954
NCI-H3122,IAP.TOP2_2,15.0227900204793
NCI-H522,IAP.TOP2_2,37.9905337157527
SW900,IAP.TOP2_2,60.3982230969982
A549,IAP.Topotecan,16.203016925421
NCI-H1563,IAP.Topotecan,25.6485179554223
NCI-H1703,IAP.Topotecan,19.0157228295896
NCI-H1975,IAP.Topotecan,20.7546638189727
NCI-H2085,IAP.Topotecan,34.8179594756393
NCI-H2228,IAP.Topotecan,31.2545467895667
NCI-H226,IAP.Topotecan,18.8985321009383
A549,IAP.Vinorelbine,10.2343428349459
DMS-114,IAP.Vinorelbine,9.41910449168644
NCI-H1437,IAP.Vinorelbine,14.0234310380979
NCI-H1793,IAP.Vinorelbine,6.26289234159678
NCI-H2085,IAP.Vinorelbine,31.5260634753194
NCI-H358,IAP.Vinorelbine,19.2142124333299
NCI-H838,IAP.Vinorelbine,26.7670045544739
C32,JAK.MTOR,19.4368521103119
LS-513,JAK.MTOR,21.7780014713903
NCI-H747,JAK.MTOR,20.1673001571208
647-V,ATR_4.MAP2K_1,18.2340019944754
HT-1376,ATR_4.MAP2K_1,-0.126358306880803
J82,ATR_4.MAP2K_1,16.6819772645644
SW780,ATR_4.MAP2K_1,26.6197033732389
T-24,ATR_4.MAP2K_1,15.7121162146862
BFTC-905,BCL2_BCL2L1.MAP2K_1,2.16707900801633
HT-1376,BCL2_BCL2L1.MAP2K_1,26.3193818319809
J82,BCL2_BCL2L1.MAP2K_1,0.676724790007444
NCI-H1299,BRAF_M.MAP2K_1,38.3032551222708
NCI-H1437,BRAF_M.MAP2K_1,23.3934440529043
NCI-H1793,BRAF_M.MAP2K_1,5.81985797665508
NCI-H2085,BRAF_M.MAP2K_1,34.5424202255716
NCI-H2170,BRAF_M.MAP2K_1,15.9192315288728
NCI-H23,BRAF_M.MAP2K_1,31.2794927639614
NCI-H522,BRAF_M.MAP2K_1,41.2070745633218
NCI-H838,BRAF_M.MAP2K_1,31.892376080445
RKO,BRAF_M.MAP2K_1,25.0978921742099
Calu-6,BRAF_M2.MAP2K_1,34.7559651262305
DMS-114,BRAF_M2.MAP2K_1,27.5646972800345
NCI-H1975,BRAF_M2.MAP2K_1,24.8629867474818
NCI-H226,BRAF_M2.MAP2K_1,17.5292919736101
NCI-H2291,BRAF_M2.MAP2K_1,38.2462515803451
NCI-H23,BRAF_M2.MAP2K_1,26.1988815262831
NCI-H522,BRAF_M2.MAP2K_1,13.9475402861067
SW900,BRAF_M2.MAP2K_1,32.0966930821206
647-V,HSP90.MAP2K_1,10.7781910223305
BT-474,HSP90.MAP2K_1,1.50457124247918
HT-1197,HSP90.MAP2K_1,5.99392755869206
T47D,HSP90.MAP2K_1,16.0877431480972
TCCSUP,HSP90.MAP2K_1,3.01439441552518
COLO-205,IGFR_3.MAP2K_1,18.1902703977853
HT-29,IGFR_3.MAP2K_1,11.8809044958113
SW48,IGFR_3.MAP2K_1,25.3696936245405
COLO-205,IGFR_4.MAP2K_1,18.5978310406665
HT-29,IGFR_4.MAP2K_1,21.7884192081531
NCI-H747,IGFR_4.MAP2K_1,15.8825146664906
EVSA-T,MAP2K_1.MTOR_1,-11.5673130826472
HCC1419,MAP2K_1.MTOR_1,1.05895486963389
HCC1954,MAP2K_1.MTOR_1,10.0627895856306
MCF7,MAP2K_1.MTOR_1,-13.4846136893645
MDA-MB-361,MAP2K_1.MTOR_1,-6.77099855836037
MDA-MB-436,MAP2K_1.MTOR_1,-2.98871998931464
CAMA-1,MAP2K_1.PIK3C,11.9083403285441
EVSA-T,MAP2K_1.PIK3C,5.68018845869512
HCC1419,MAP2K_1.PIK3C,30.5903658612874
HCC1569,MAP2K_1.PIK3C,16.8934743215795
HCC70,MAP2K_1.PIK3C,16.97538787661
MDA-MB-157,MAP2K_1.PIK3C,33.8217780979107
MDA-MB-436,MAP2K_1.PIK3C,32.5213487073624
RKO,MAP2K_1.PIK3C,39.0746029912814
HT-1376,MAP2K_1.PIM1,23.5374502502335
J82,MAP2K_1.PIM1,48.2577008974857
TCCSUP,MAP2K_1.PIM1,35.5929303964541
UM-UC-3,MAP2K_1.PIM1,31.9961409688179
NCI-H747,MAP2K_1.PTK2,11.6348535989384
RKO,MAP2K_1.PTK2,36.1042420770355
SW48,MAP2K_1.PTK2,21.6921559204631
RKO,MAP2K_1.TKI,34.8458112730222
SW620,MAP2K_1.TKI,21.4071676483515
SW948,MAP2K_1.TKI,33.4321978691666
BT-20,MAP2K_3.PIK3C,52.6325075356009
HCC1419,MAP2K_3.PIK3C,41.9239502408954
MCF7,MAP2K_3.PIK3C,47.822099735369
MDA-MB-361,MAP2K_3.PIK3C,27.6471270461693
MDA-MB-415,MAP2K_3.PIK3C,37.9849672037094
MDA-MB-436,MAP2K_3.PIK3C,49.5713200835948
A549,ALK.MTOR_1,26.2347072553454
NCI-H1437,ALK.MTOR_1,10.6814914330165
NCI-H2291,ALK.MTOR_1,23.1176286399575
NCI-H520,ALK.MTOR_1,27.6816261679817
NCI-H522,ALK.MTOR_1,29.2704500817103
NCI-H1703,ALK_2.MTOR_1,46.6459520850076
NCI-H2085,ALK_2.MTOR_1,48.4043914892602
NCI-H2291,ALK_2.MTOR_1,30.3742602867515
NCI-H3122,ALK_2.MTOR_1,28.7768434232483
NCI-H522,ALK_2.MTOR_1,32.4231864417248
NCI-H838,ALK_2.MTOR_1,41.734290392482
647-V,ATR_4.MTOR_1,-8.78232883195413
BFTC-905,ATR_4.MTOR_1,-14.569274541831
T-24,ATR_4.MTOR_1,-11.9602131542274
BFTC-905,ERBB.MTOR_1,33.1873436321927
HT-1376,ERBB.MTOR_1,36.6547327906476
J82,ERBB.MTOR_1,27.9365180514142
UM-UC-3,ERBB.MTOR_1,33.6578681128683
VM-CUB-1,ERBB.MTOR_1,24.402068539091
UACC-812,ESR1_1.MTOR_1,-3.69218138453695
UACC-812,ESR1_3.MTOR_1,12.5390652729577
647-V,FGFR.MTOR_1,9.13888358540654
BT-549,MAP2K_1.MTOR_1,-16.4101049401075
CAL-148,MAP2K_1.MTOR_1,-9.92611480902605
DU-4475,MAP2K_1.MTOR_1,-14.2578357584553
HT-1376,MAP2K_1.MTOR_1,-6.36445534927807
SW780,MAP2K_1.MTOR_1,-12.8310724457452
TCCSUP,MAP2K_1.MTOR_1,-12.059812433798
UM-UC-3,MAP2K_1.MTOR_1,-13.182971318179
HT-1376,MTOR_1.PIK3C,12.1894906290157
J82,MTOR_1.PIK3C,30.5172021010295
MDA-MB-361,MTOR_1.PIK3C,17.1144958561841
MDA-MB-415,MTOR_1.PIK3C,28.6859762335143
MDA-MB-436,MTOR_1.PIK3C,21.1893146233924
MDA-MB-453,MTOR_1.PIK3C,2.14195778103797
MDA-MB-468,MTOR_1.PIK3C,18.6046011910246
SW780,MTOR_1.PIK3C,24.1575960157809
UM-UC-3,MTOR_1.PIK3C,27.4927885296873
BT-474,HDAC_4.PARP1,3.13465325272132
HCC1500,HDAC_4.PARP1,3.26400264803805
CAMA-1,HSP90.PARP1,2.81088012860816
HCC1419,HSP90.PARP1,12.2805602027033
HCC1500,HSP90.PARP1,5.14807427646977
MDA-MB-361,HSP90.PARP1,14.303689743225
UACC-812,HSP90.PARP1,15.6876134387912
CAL-120,PARP1.PIK3C,15.7533399583041
CAL-51,PARP1.PIK3C,7.33758968154387
DU-4475,PARP1.PIK3C,-7.5403901520874
HCC1395,PARP1.PIK3C,9.12077105274251
HCC1806,PARP1.PIK3C,1.9433682982155
HCC38,PARP1.PIK3C,-0.490653809672439
HCC70,PARP1.PIK3C,9.2971887913702
BT-20,PARP1.PIK3CB_PIK3CD,8.93376777966318
CAL-148,PARP1.PIK3CB_PIK3CD,17.6140960340903
CAMA-1,PARP1.PIK3CB_PIK3CD,2.93364188415769
MDA-MB-231,PARP1.PIK3CB_PIK3CD,14.1291469778371
MDA-MB-453,PARP1.PIK3CB_PIK3CD,11.2150633667473
MFM-223,PARP1.PIK3CB_PIK3CD,-3.41799574163058
Calu-6,ADAM17.PIK3C,33.5748668075647
NCI-H1437,ADAM17.PIK3C,1.84181232981111
NCI-H1563,ADAM17.PIK3C,17.3221478433835
NCI-H1703,ADAM17.PIK3C,21.135759371768
NCI-H2228,ADAM17.PIK3C,30.1245022361371
NCI-H226,ADAM17.PIK3C,11.9044206069489
NCI-H358,ADAM17.PIK3C,11.1514141383316
MCF7,AKT_1.PIK3C,34.9931438864001
MDA-MB-415,AKT_1.PIK3C,28.9914386942996
A549,ALK.PIK3C,19.6444302373017
NCI-H1299,ALK.PIK3C,15.5924671618411
NCI-H1703,ALK.PIK3C,14.4816368718574
NCI-H1793,ALK.PIK3C,16.9998378280223
NCI-H23,ALK.PIK3C,21.2373359456218
NCI-H358,ALK.PIK3C,13.3201483505739
BFTC-905,HSP90.PIK3C,14.8646383732604
J82,HSP90.PIK3C,6.34386876181595
SW780,HSP90.PIK3C,0.0733281082412613
647-V,IAP.PIK3C,25.7903792786412
HT-1376,IAP.PIK3C,35.1346924492719
SW780,IAP.PIK3C,-1.77350797959035
T-24,IAP.PIK3C,33.1354620973136
BFTC-905,MAP2K_1.PIK3C,34.5807668307601
BT-549,MAP2K_1.PIK3C,19.7602665431142
CAL-51,MAP2K_1.PIK3C,18.8351308519956
DU-4475,MAP2K_1.PIK3C,10.2420777979615
Hs-578-T,MAP2K_1.PIK3C,10.5232695310435
J82,MAP2K_1.PIK3C,35.3827384976963
MFM-223,MAP2K_1.PIK3C,16.5289298884609
SW780,MAP2K_1.PIK3C,33.6396626194437
UM-UC-3,MAP2K_1.PIK3C,26.3133379272634
CAL-120,MTOR_1.PIK3C,23.8450293121987
DU-4475,MTOR_1.PIK3C,-1.25447198234888
HCC1806,MTOR_1.PIK3C,9.43778333369436
MFM-223,MTOR_1.PIK3C,-12.7275571832797
HT-1376,PARP1.PIK3C,7.38582122346028
J82,PARP1.PIK3C,15.8213182270715
TCCSUP,PARP1.PIK3C,10.5989532654497
UM-UC-3,PARP1.PIK3C,9.95304307488376
647-V,PIK3C.PIM1,7.21460853655339
SW780,PIK3C.PIM1,7.79267338565249
TCCSUP,PIK3C.PIM1,-8.99099881403226
647-V,PIK3C.TNFSF10,-9.92585346854934
BFTC-905,PIK3C.TNFSF10,-4.64470523534078
VM-CUB-1,PIK3C.TNFSF10,-2.73065887173213
A549,CSNK2A1_2.PIK3CA_3,0.0845744424336221
Calu-6,CSNK2A1_2.PIK3CA_3,-0.960670642189509
NCI-H1299,CSNK2A1_2.PIK3CA_3,8.68084299722768
NCI-H2085,CSNK2A1_2.PIK3CA_3,21.8002706669953
NCI-H520,CSNK2A1_2.PIK3CA_3,-4.79107072906549
SW900,CSNK2A1_2.PIK3CA_3,25.1496598022014
CAL-51,MTOR_1.PIK3CA_4,2.76874502091081
HCC1806,MTOR_1.PIK3CA_4,-11.4070912957437
HCC38,MTOR_1.PIK3CA_4,-3.86497744379243
MDA-MB-157,MTOR_1.PIK3CA_4,20.2917935723668
MDA-MB-231,MTOR_1.PIK3CA_4,12.0093843807724
MDA-MB-436,MTOR_1.PIK3CA_4,4.91070986054997
MDA-MB-468,MTOR_1.PIK3CA_4,-2.32730102666374
CAL-120,PIK3C_2.PIK3CA_4,1.05284700985971
CAL-148,PIK3C_2.PIK3CA_4,-12.4256834249197
CAL-51,PIK3C_2.PIK3CA_4,4.65094816439735
DU-4475,PIK3C_2.PIK3CA_4,-3.81005696326129
HCC1428,PIK3C_2.PIK3CA_4,-3.31846369638884
HCC1806,PIK3C_2.PIK3CA_4,-5.83603606354879
MFM-223,PIK3C_2.PIK3CA_4,10.1847084460646
Calu-6,ALK_2.PIK3CB,24.6031937372327
NCI-H1793,ALK_2.PIK3CB,15.5086117936239
NCI-H2170,ALK_2.PIK3CB,27.108251933951
NCI-H2291,ALK_2.PIK3CB,21.4981398186653
NCI-H23,ALK_2.PIK3CB,31.0576060007656
NCI-H3122,ALK_2.PIK3CB,23.7729905166347
Calu-6,PIK3CB.Topotecan,6.67700310033692
DMS-114,PIK3CB.Topotecan,-5.9618187037762
NCI-H1299,PIK3CB.Topotecan,-2.21450980414222
NCI-H1437,PIK3CB.Topotecan,-14.4603037281044
NCI-H1975,PIK3CB.Topotecan,-10.5555704955668
NCI-H2170,PIK3CB.Topotecan,2.53376038190238
NCI-H2291,PIK3CB.Topotecan,-1.65482719882922
VCaP,ADAM17.PIK3CB_PIK3CD,2.76922725473431
J82,EG5.PIK3CB_PIK3CD,0.887178929405183
SW780,EG5.PIK3CB_PIK3CD,-5.00115854205309
TCCSUP,EG5.PIK3CB_PIK3CD,-21.2584253013101
647-V,PARP1.PIK3CB_PIK3CD,11.9991852278831
BFTC-905,PARP1.PIK3CB_PIK3CD,28.5277589659642
TCCSUP,PARP1.PIK3CB_PIK3CD,1.02824187576856
UM-UC-3,PARP1.PIK3CB_PIK3CD,13.7691466612598
VM-CUB-1,PARP1.PIK3CB_PIK3CD,16.0942078236664
BT-549,BCL2_BCL2L1.PIM1,4.51737777302228
CAL-120,BCL2_BCL2L1.PIM1,-7.55644468802588
CAMA-1,BCL2_BCL2L1.PIM1,7.92935532582695
HCC1395,BCL2_BCL2L1.PIM1,-3.99337333124076
HCC1428,BCL2_BCL2L1.PIM1,6.92396040181978
HT-1376,BCL2_BCL2L1.PIM1,17.4086170053772
J82,BCL2_BCL2L1.PIM1,-2.26424437696004
KU-19-19,BCL2_BCL2L1.PIM1,2.66001235152238
MDA-MB-436,BCL2_BCL2L1.PIM1,8.46282538176778
T-24,BCL2_BCL2L1.PIM1,16.6537596007221
BT-20,MAP2K_1.PIM1,51.4901933945919
CAMA-1,MAP2K_1.PIM1,31.4084015639718
HCC1428,MAP2K_1.PIM1,7.68288389912116
MDA-MB-157,MAP2K_1.PIM1,45.4863499842722
MDA-MB-436,MAP2K_1.PIM1,43.8805017206965
MFM-223,MAP2K_1.PIM1,8.83291047034588
CAL-148,PIK3C.PIM1,3.57904936585711
CAL-51,PIK3C.PIM1,3.95172132534423
HCC1428,PIK3C.PIM1,0.349765215329592
MDA-MB-231,PIK3C.PIM1,4.97586377847084
MDA-MB-453,PIK3C.PIM1,3.24693976467968
MDA-MB-468,PIK3C.PIM1,1.31033733510481
M14,PIK3C.PIM1,7.29975334101063
NCI-H1437,PIM1.TOP2_2,-10.9586939025783
NCI-H1703,PIM1.TOP2_2,9.05447105034202
NCI-H2085,PIM1.TOP2_2,28.6257455167678
NCI-H226,PIM1.TOP2_2,-14.6137398738247
NCI-H2291,PIM1.TOP2_2,2.97897411341505
NCI-H23,PIM1.TOP2_2,4.79089006095858
HCC1937,AKT.PIP5K1,10.3008678815268
HCC70,AKT.PIP5K1,2.23782583185205
MDA-MB-157,AKT.PIP5K1,26.8919881253696
MDA-MB-231,AKT.PIP5K1,17.6400088307103
MDA-MB-453,AKT.PIP5K1,14.777326448336
M14,AKT.PIP5K1,12.9638897133306
BT-20,MAP2K_1.PIP5K1,26.8555526015178
BT-549,MAP2K_1.PIP5K1,12.6252937556096
HCC1806,MAP2K_1.PIP5K1,12.2960567001611
HCC38,MAP2K_1.PIP5K1,24.6293816293094
MDA-MB-231,MAP2K_1.PIP5K1,34.2429542042833
MDA-MB-436,MAP2K_1.PIP5K1,23.0321259128401
BT-20,PIK3C.PIP5K1,9.65889575702464
CAL-51,PIK3C.PIP5K1,12.6545565278463
HCC1143,PIK3C.PIP5K1,12.3512914001826
HCC1395,PIK3C.PIP5K1,17.9929911426423
HCC1428,PIK3C.PIP5K1,11.2629335925506
MDA-MB-231,PIK3C.PIP5K1,20.6687376980506
MFM-223,PIK3C.PIP5K1,5.27312200707467
CAL-51,PIK3CB_PIK3CD.PIP5K1,0.122641168333764
HCC1143,PIK3CB_PIK3CD.PIP5K1,-7.7466630619361
HCC1395,PIK3CB_PIK3CD.PIP5K1,1.70980368596247
HCC1428,PIK3CB_PIK3CD.PIP5K1,-7.94217365696186
HCC70,PIK3CB_PIK3CD.PIP5K1,-6.9246763500643
MDA-MB-453,PIK3CB_PIK3CD.PIP5K1,-5.57076959959277
BT-20,BCL2_BCL2L1.SLC16A4,18.956466110274
BT-549,BCL2_BCL2L1.SLC16A4,9.85818479910668
CAL-51,BCL2_BCL2L1.SLC16A4,20.4979845175715
HCC1937,BCL2_BCL2L1.SLC16A4,16.9499362195443
HCC70,BCL2_BCL2L1.SLC16A4,0.121159099391889
MDA-MB-468,BCL2_BCL2L1.SLC16A4,10.9076685749948
M14,BCL2_BCL2L1.SLC16A4,19.506418627433
CAL-148,FGFR.SLC16A4,-15.583980524007
CAL-51,FGFR.SLC16A4,6.79950781897137
HCC1143,FGFR.SLC16A4,5.42156050710463
HCC1937,FGFR.SLC16A4,3.11440430240646
MDA-MB-231,FGFR.SLC16A4,10.6892850976161
MDA-MB-468,FGFR.SLC16A4,-5.80017342255088
BT-549,MAP2K_1.SLC16A4,3.95231391428724
CAL-51,MAP2K_1.SLC16A4,11.5241434896998
HCC1428,MAP2K_1.SLC16A4,-3.14453705537857
HCC1937,MAP2K_1.SLC16A4,14.8151644932366
MDA-MB-231,MAP2K_1.SLC16A4,33.9236040157878
MDA-MB-453,MAP2K_1.SLC16A4,1.92668401912263
M14,MAP2K_1.SLC16A4,22.3920646242875
CAL-51,MTOR_1.SLC16A4,5.76600900505335
CAMA-1,MTOR_1.SLC16A4,5.42437122035971
HCC1187,MTOR_1.SLC16A4,-3.22597833882064
HCC1395,MTOR_1.SLC16A4,8.96858896192788
HCC1806,MTOR_1.SLC16A4,4.2850649803419
HCC1937,MTOR_1.SLC16A4,2.34928028614807
Hs-578-T,MTOR_1.SLC16A4,-0.149951678924483
BT-20,PIK3CB_PIK3CD.SLC16A4,5.40515762045515
BT-549,PIK3CB_PIK3CD.SLC16A4,-2.93464303380871
CAMA-1,PIK3CB_PIK3CD.SLC16A4,-7.58581123727532
HCC1428,PIK3CB_PIK3CD.SLC16A4,-1.87625293372502
MDA-MB-453,PIK3CB_PIK3CD.SLC16A4,0.0507336126910367
MFM-223,PIK3CB_PIK3CD.SLC16A4,9.44776758488856
M14,PIK3CB_PIK3CD.SLC16A4,-2.61435953875835
COLO-205,IGFR_3.TKI,31.1178275384473
HT-29,IGFR_3.TKI,17.9628551825672
SW620,IGFR_3.TKI,24.729961187013
A549,CSNK2A1_2.TNFSF10,8.05056173618799
NCI-H1437,CSNK2A1_2.TNFSF10,-7.63261451886112
NCI-H1793,CSNK2A1_2.TNFSF10,18.070655345003
NCI-H1975,CSNK2A1_2.TNFSF10,-13.1453200692504
NCI-H838,CSNK2A1_2.TNFSF10,5.52650502072344
SW900,CSNK2A1_2.TNFSF10,12.9066521478611
BT-20,AKT.TNKS_PARP6,14.5553831686409
CAL-51,AKT.TNKS_PARP6,7.19230884221574
HCC1395,AKT.TNKS_PARP6,8.49730886135008
HCC1428,AKT.TNKS_PARP6,-2.85670103711889
Hs-578-T,AKT.TNKS_PARP6,1.93593531260171
MDA-MB-231,AKT.TNKS_PARP6,0.656236578124297
MDA-MB-436,AKT.TNKS_PARP6,19.0743601644751
CAL-51,FGFR.TNKS_PARP6,2.23407252021806
CAMA-1,FGFR.TNKS_PARP6,2.8218629058609
DU-4475,FGFR.TNKS_PARP6,-8.34705340138946
HCC70,FGFR.TNKS_PARP6,-11.8474570554657
MDA-MB-436,FGFR.TNKS_PARP6,8.92488872623443
MDA-MB-468,FGFR.TNKS_PARP6,-7.54509146451448
MFM-223,FGFR.TNKS_PARP6,-10.2745806058901
BT-549,MTOR_1.TNKS_PARP6,-9.0481038264165
DU-4475,MTOR_1.TNKS_PARP6,-18.0596361127398
HCC1143,MTOR_1.TNKS_PARP6,-6.61686053249923
HCC1806,MTOR_1.TNKS_PARP6,-7.44771615212618
MDA-MB-157,MTOR_1.TNKS_PARP6,15.9080519778017
MFM-223,MTOR_1.TNKS_PARP6,-13.0320144894894
M14,MTOR_1.TNKS_PARP6,3.60677860788813
BT-20,PIK3CB_PIK3CD.TNKS_PARP6,-6.95627257608437
CAL-120,PIK3CB_PIK3CD.TNKS_PARP6,-8.56585988005995
HCC1806,PIK3CB_PIK3CD.TNKS_PARP6,-18.7481694873201
Hs-578-T,PIK3CB_PIK3CD.TNKS_PARP6,-19.0863264123064
MDA-MB-436,PIK3CB_PIK3CD.TNKS_PARP6,0.839728157403659
MDA-MB-468,PIK3CB_PIK3CD.TNKS_PARP6,-10.1411951294937
MFM-223,PIK3CB_PIK3CD.TNKS_PARP6,4.99726648284904
Calu-6,ALK_2.TOP2,11.987033329613
DMS-114,ALK_2.TOP2,1.25900315837438
NCI-H1703,ALK_2.TOP2,21.8565101111245
NCI-H1975,ALK_2.TOP2,10.4667193213448
NCI-H2228,ALK_2.TOP2,11.8338297644093
NCI-H2291,ALK_2.TOP2,25.9332999532189
Calu-6,Doxorubicin.TOP2,30.2257667080823
NCI-H1793,Doxorubicin.TOP2,10.835923971072
NCI-H2085,Doxorubicin.TOP2,31.3330128934769
NCI-H2228,Doxorubicin.TOP2,22.7551636342878
NCI-H358,Doxorubicin.TOP2,14.0554177282935
NCI-H838,Doxorubicin.TOP2,33.9445570000697
SW900,Doxorubicin.TOP2,14.0104089703322
DMS-114,BCL2L1.Vinorelbine,3.66034735411524
NCI-H1299,BCL2L1.Vinorelbine,18.3234146818128
NCI-H1703,BCL2L1.Vinorelbine,15.9529516789776
NCI-H2085,BCL2L1.Vinorelbine,18.7820472731024
NCI-H23,BCL2L1.Vinorelbine,30.2371958584624
NCI-H3122,BCL2L1.Vinorelbine,25.3540724820407
Calu-3,BCL2_2.Vinorelbine,-2.48811019336965
Calu-6,BCL2_2.Vinorelbine,4.2435813376404
NCI-H1563,BCL2_2.Vinorelbine,11.0922964026928
NCI-H2085,BCL2_2.Vinorelbine,25.4192294066864
NCI-H23,BCL2_2.Vinorelbine,4.68958517085797
NCI-H520,BCL2_2.Vinorelbine,5.28607651208275
