CELL_LINE,COMBINATION_ID,PREDICTION
BT-549,ADAM17.AKT,13.5374155309272
CAL-148,ADAM17.AKT,11.8918716955443
HCC38,ADAM17.AKT,11.3778590430026
BT-20,ADAM17.BCL2_BCL2L1,11.2447779702768
HCC1143,ADAM17.BCL2_BCL2L1,12.1344488248228
HCC1937,ADAM17.BCL2_BCL2L1,11.6292712381961
Hs-578-T,ADAM17.BCL2_BCL2L1,12.5501742058517
DU-4475,ADAM17.FGFR,12.1995778946302
HCC1187,ADAM17.FGFR,11.9620624149051
HCC70,ADAM17.FGFR,12.7627231832764
Hs-578-T,ADAM17.FGFR,12.6712253546778
CAL-51,ADAM17.MAP2K_1,12.6251559128638
HCC1428,ADAM17.MAP2K_1,11.9791963361968
MDA-MB-157,ADAM17.MAP2K_1,12.8565438363384
BT-549,ADAM17.MTOR_1,12.4337098749526
MDA-MB-157,ADAM17.MTOR_1,13.0388741102635
MFM-223,ADAM17.MTOR_1,12.4169601769385
BT-549,ADAM17.PIK3C,13.4435053903046
DU-4475,ADAM17.PIK3C,12.7559703021038
HCC1187,ADAM17.PIK3C,13.1251872388796
HCC38,ADAM17.PIK3C,12.5772088463611
BT-549,ADAM17.PIK3CB_PIK3CD,13.0808283018149
CAL-120,ADAM17.PIK3CB_PIK3CD,12.912049844752
CAL-51,ADAM17.PIK3CB_PIK3CD,12.9429125766815
MDA-MB-436,ADAM17.PIK3CB_PIK3CD,13.5053556715072
VCaP,ADAM17.AKT,13.5681574662883
T47D,AKT.AKT_1,13.1731262615916
A549,AKT.CSNK2A1_2,13.5033892316624
NCI-H2291,AKT.CSNK2A1_2,13.792887170465
NCI-H358,AKT.CSNK2A1_2,13.4264778320441
SW900,AKT.CSNK2A1_2,13.8311091120854
T47D,AKT.Chloroquine,13.6571629475985
BFTC-905,AKT.FGFR,13.4684320235955
J82,AKT.FGFR,13.8501803501361
VCaP,AKT.FGFR,13.2996535665326
CAMA-1,AKT.HDAC_4,13.6762876833086
MDA-MB-361,AKT.HDAC_4,13.514230309873
UM-UC-3,AKT.HDAC_4,13.8929593932879
CAL-120,AKT.PIK3CA_4,14.4770555377851
CAL-51,AKT.PIK3CA_4,13.4085552430718
HCC1428,AKT.PIK3CA_4,13.4570302740869
HCC38,AKT.PIK3CA_4,13.1296287225591
CAL-148,AKT.PIK3C_2,13.2997824205451
CAL-51,AKT.PIK3C_2,13.3507778879097
HCC1187,AKT.PIK3C_2,13.3119937468171
MDA-MB-453,AKT.PIK3C_2,13.0118894900363
647-V,AKT.TNF,12.8204434521252
UM-UC-3,AKT.TNF,12.3583859947738
CAL-120,AKT.AKT_1,12.9721554277266
CAL-148,AKT.AKT_1,13.4416371670983
HCC38,AKT.AKT_1,12.7945434418308
MDA-MB-468,AKT.AKT_1,13.6842142963768
BT-20,AKT_1.PIK3C,12.4093990731922
CAL-51,AKT_1.PIK3C,13.023168506145
M14,AKT_1.PIK3C,13.4926502455167
BT-20,AKT_1.PIK3CB_PIK3CD,13.7352273747953
CAL-148,AKT_1.PIK3CB_PIK3CD,13.2300497881685
HCC1806,AKT_1.PIK3CB_PIK3CD,13.3194815192411
HCC1143,AKT_1.PIK3C_2,13.0864387869974
HCC1187,AKT_1.PIK3C_2,12.6950790776593
MDA-MB-468,AKT_1.PIK3C_2,12.7864726138778
CAL-120,AKT_SGK.BCL2_BCL2L1,12.725238516103
HCC1806,AKT_SGK.BCL2_BCL2L1,13.0616562930386
HCC38,AKT_SGK.BCL2_BCL2L1,13.0229760354341
MDA-MB-453,AKT_SGK.BCL2_BCL2L1,12.8460786445114
BT-549,AKT_SGK.FGFR,12.4915358322176
CAL-51,AKT_SGK.FGFR,13.8067527659499
Hs-578-T,AKT_SGK.FGFR,12.7988990076132
MDA-MB-231,AKT_SGK.FGFR,13.775345529056
Hs-578-T,AKT_SGK.MAP2K_1,13.1823503243682
MDA-MB-231,AKT_SGK.MAP2K_1,13.1823503243682
MDA-MB-436,AKT_SGK.MAP2K_1,14.9481524751592
MDA-MB-453,AKT_SGK.MAP2K_1,12.9090489851124
BT-549,AKT_SGK.PIK3C,13.6891447079285
HCC1187,AKT_SGK.PIK3C,13.5354459613769
HCC1428,AKT_SGK.PIK3C,13.510247282143
MDA-MB-468,AKT_SGK.PIK3C,13.3333498912202
HCC1937,AKT.ALK_IGFR,13.3681375273961
HCC38,AKT.ALK_IGFR,13.2350564546702
HCC70,AKT.ALK_IGFR,14.1247273092163
MDA-MB-453,AKT.ALK_IGFR,12.9788070789264
HCC1937,AKT_1.ALK_IGFR,13.2957097244665
MDA-MB-231,AKT_1.ALK_IGFR,13.5548082070894
MFM-223,AKT_1.ALK_IGFR,13.158142454054
CAL-120,ALK_IGFR.MTOR_1,12.512182877387
HCC1395,ALK_IGFR.MTOR_1,13.2905239031287
MDA-MB-453,ALK_IGFR.MTOR_1,13.234988505914
HCC1395,ALK_IGFR.PIK3CB_PIK3CD,12.3686919619704
HCC1428,ALK_IGFR.PIK3CB_PIK3CD,12.8723114174241
MDA-MB-453,ALK_IGFR.PIK3CB_PIK3CD,12.6946994315283
MFM-223,ALK_IGFR.PIK3CB_PIK3CD,13.0791926994476
HCC1143,AKT.ATR_4,12.8064073920251
HCC1937,AKT.ATR_4,12.9165573695243
MDA-MB-231,AKT.ATR_4,13.608907748981
MDA-MB-436,AKT.ATR_4,13.3756459118079
MDA-MB-468,AKT.ATR_4,14.1322356936281
HCC1395,ATR_4.BCL2_BCL2L1,13.0865841833776
HCC1428,ATR_4.BCL2_BCL2L1,12.7212613992885
Hs-578-T,ATR_4.BCL2_BCL2L1,13.078780860171
M14,ATR_4.BCL2_BCL2L1,13.1701743963895
HCC1428,ATR_4.MAP2K_1,13.2213735838523
HCC1806,ATR_4.MAP2K_1,13.1089402986147
HCC70,ATR_4.MAP2K_1,13.4066778179457
MDA-MB-436,ATR_4.MAP2K_1,13.229780427023
CAL-120,ATR_4.MTOR_1,12.8752376147291
CAMA-1,ATR_4.MTOR_1,12.6846100388634
HCC1806,ATR_4.MTOR_1,13.648389848683
MDA-MB-436,ATR_4.MTOR_1,12.8406895815116
DMS-114,BCL2.CarboTaxol,12.8715523134411
NCI-H522,BCL2.CarboTaxol,13.2173236982876
NCI-H838,BCL2.CarboTaxol,13.2226677417021
LS-513,BCL2.IGFR_4,13.4320289684219
SW48,BCL2.IGFR_4,14.0180915527641
LS-513,BCL2.MAP2K_1,13.8588281942941
SW48,BCL2.MAP2K_1,13.5759243861344
NCI-H747,BCL2.Oxaliplatin,14.282530712386
HT-29,BCL2.Oxaliplatin,13.7628666607121
NCI-H1563,BCL2.Topotecan,14.3253097555379
NCI-H1703,BCL2.Topotecan,14.388111550319
NCI-H3122,BCL2.Topotecan,14.1139820889731
BT-474,AKT_1.BCL2_2,14.3233433156929
HCC1395,AKT_1.BCL2_2,13.9000549986269
MDA-MB-157,AKT_1.BCL2_2,14.4775905676003
BT-20,AKT_1.BCL2_BCL2L1,11.635692033521
HCC1143,AKT_1.BCL2_BCL2L1,11.8775155222157
HCC1395,AKT_1.BCL2_BCL2L1,11.589622591707
HCC1806,AKT_1.BCL2_BCL2L1,11.3981765537958
SW780,ATR_4.BCL2_BCL2L1,11.7220040407817
CAL-148,BCL2_BCL2L1.FGFR,12.7635933196576
HCC1187,BCL2_BCL2L1.FGFR,12.6720954910591
HCC1395,BCL2_BCL2L1.FGFR,12.8574139727197
HCC1937,BCL2_BCL2L1.FGFR,12.8816010416725
MDA-MB-231,BCL2_BCL2L1.FGFR,12.8146706916366
CAL-120,BCL2_BCL2L1.MAP2K_1,12.9970357158947
HCC70,BCL2_BCL2L1.MAP2K_1,12.2866980868926
MDA-MB-157,BCL2_BCL2L1.MAP2K_1,13.1416230853769
MDA-MB-453,BCL2_BCL2L1.MAP2K_1,12.7580666992454
BT-549,BCL2_BCL2L1.PIK3CA_4,13.074692735341
HCC1187,BCL2_BCL2L1.PIK3CA_4,13.2958419006916
HCC38,BCL2_BCL2L1.PIK3CA_4,13.2570577595991
Hs-578-T,BCL2_BCL2L1.PIK3CA_4,13.0064175389588
HCC1419,AKT.BCL2L1,12.6558212277374
HCC1954,AKT.BCL2L1,12.897644716432
MDA-MB-157,AKT.BCL2L1,13.0393364748514
MDA-MB-157,AKT_1.BCL2L1,13.2984349574743
MDA-MB-436,AKT_1.BCL2L1,13.3194815192411
MDA-MB-453,AKT_1.BCL2L1,12.6950790776593
EVSA-T,BCL2L1.MTOR_1,12.7864726138778
HCC1187,BCL2L1.MTOR_1,12.6318879312044
MDA-MB-453,BCL2L1.MTOR_1,12.8256015853993
HCC1954,BCL2L1.PIK3C,12.8783875979766
MDA-MB-436,BCL2L1.PIK3C,12.725238516103
T47D,BCL2L1.PIK3C,12.8620356413814
HCC70,BRAF_M2.MAP2K_1,12.9478386462528
Calu-6,BRAF_M2.MAP2K_3,13.1896621349475
HCC70,BRAF_M2.MAP2K_3,13.0616562930386
MDA-MB-468,BRAF_M2.MAP2K_3,12.8460786445114
NCI-H226,BRAF_M2.MAP2K_3,12.6759539440893
NCI-H522,BRAF_M2.MAP2K_3,12.8733651810779
SW900,BRAF_M2.MAP2K_3,12.2558096277718
BT-20,ATR_4.CarboTaxol,12.8889082265982
MDA-MB-436,ATR_4.CarboTaxol,12.6558654943545
MDA-MB-453,ATR_4.CarboTaxol,12.2723091082231
NCI-H1299,ATR_4.CarboTaxol,12.355899321235
NCI-H1703,ATR_4.CarboTaxol,12.9163366958465
NCI-H1563,BCL2L1.CarboTaxol,14.0303079358075
NCI-H1793,BCL2L1.CarboTaxol,12.2946652234602
NCI-H2228,BCL2L1.CarboTaxol,12.8100843096694
NCI-H1703,CHEK1.IAP,12.0609625395747
NCI-H1793,CHEK1.IAP,12.7025838352706
NCI-H838,CHEK1.IAP,12.6035773608708
SW780,CHEK1.IAP,12.8802288044891
HCC1569,AKT.Chloroquine,12.5976708546914
MDA-MB-415,AKT.Chloroquine,13.1045902561151
BT-20,AKT_1.Chloroquine,13.2588090714298
HCC1187,AKT_1.Chloroquine,13.2563160274899
HCC70,AKT_1.Chloroquine,12.6468138318856
BT-20,Chloroquine.PIK3C,12.7367996872761
MDA-MB-157,Chloroquine.PIK3C,12.6397169091146
T47D,Chloroquine.PIK3C,12.5687224394532
HT-1197,AKT.Cisplatin,12.7988701496301
VM-CUB-1,AKT.Cisplatin,12.9984908012874
T-24,Cisplatin.FGFR,12.3815493490817
VM-CUB-1,Cisplatin.FGFR,12.9598105436829
HT-1197,Cisplatin.HDAC_4,12.7829131527601
SW780,Cisplatin.HDAC_4,12.6127884523382
HT-1376,Cisplatin.PARP1,12.7123858912641
T-24,Cisplatin.PARP1,12.7788573402654
647-V,Cisplatin.PIK3C,12.8914874373335
UM-UC-3,Cisplatin.PIK3C,12.677074798756
HCC1569,AKT.CSNK2A1_2,12.6974856452865
HCC1954,AKT.CSNK2A1_2,12.7888791815051
A549,ALK.CSNK2A1_2,12.6342944988316
Calu-3,ALK.CSNK2A1_2,12.8280081530266
NCI-H520,ALK.CSNK2A1_2,13.0824223272844
Calu-6,BCL2.CSNK2A1_2,12.8807941656037
NCI-H1975,BCL2.CSNK2A1_2,12.7276450837302
NCI-H2170,BCL2.CSNK2A1_2,12.8644422090085
NCI-H1437,CarboTaxol.CSNK2A1_2,13.0640628606658
NCI-H2228,CarboTaxol.CSNK2A1_2,12.8484852121386
NCI-H23,CarboTaxol.CSNK2A1_2,12.4626460863203
NCI-H1299,Carboplatin.CSNK2A1_2,11.8407321529954
NCI-H358,Carboplatin.CSNK2A1_2,12.1797422781606
NCI-H838,Carboplatin.CSNK2A1_2,13.1435220879802
NCI-H1437,CSNK2A1_2.Gemcitabine,13.5585198236134
NCI-H358,CSNK2A1_2.Gemcitabine,12.3666845527383
SW900,CSNK2A1_2.Gemcitabine,12.7124559375848
NCI-H2291,CSNK2A1_2.SYK,12.5503985641492
NCI-H838,CSNK2A1_2.SYK,12.7177999809993
SW900,CSNK2A1_2.SYK,12.5038728906531
HT-1376,EG5.PARP1,13.5132237920613
SW780,EG5.PARP1,13.0814084596264
J82,EG5.PIM1,13.7091810021183
UM-UC-3,EG5.PIM1,13.3256246159868
CAL-148,AKT.EGFR,13.3178212927802
HCC1395,AKT.EGFR,13.4604140164615
HCC1806,AKT.EGFR,15.0836234435713
MDA-MB-453,AKT.EGFR,13.3479807312239
CAL-51,AKT_1.EGFR,13.6843985081596
DU-4475,AKT_1.EGFR,13.645718250555
HCC1428,AKT_1.EGFR,13.4688208596322
M14,AKT_1.EGFR,13.1142780473384
CAL-120,BCL2_BCL2L1.EGFR,13.1885034730742
CAL-148,BCL2_BCL2L1.EGFR,12.7304662116312
MDA-MB-468,BCL2_BCL2L1.EGFR,13.4370725378828
M14,BCL2_BCL2L1.EGFR,12.9174084862089
CAL-120,EGFR.FGFR,13.1011224976199
HCC1806,EGFR.FGFR,13.5426533758157
MDA-MB-436,EGFR.FGFR,13.1091313829852
HCC1143,EGFR.MAP2K_1,13.0545968241237
HCC1806,EGFR.MAP2K_1,13.6439752704343
HCC1937,EGFR.MAP2K_1,13.632132393097
MDA-MB-436,EGFR.MAP2K_1,12.6380774968352
BT-20,AKT_1.EGFR_2,12.3439243903725
HCC1569,AKT_1.EGFR_2,11.8545506497556
MDA-MB-468,AKT_1.EGFR_2,12.3090641885114
NCI-H1793,ALK.EGFR_2,12.6328916754974
NCI-H2085,ALK.EGFR_2,13.2161311220394
NCI-H3122,ALK.EGFR_2,12.8655348108179
NCI-H520,ALK.EGFR_2,13.0508532924785
BT-549,AKT.ERBB,12.6280193310927
HCC38,AKT.ERBB,12.9518468180786
MDA-MB-361,AKT.ERBB,13.5266077215603
MDA-MB-415,AKT.ERBB,13.8067527659499
MFM-223,AKT.ERBB,13.263722019347
T47D,AKT.ERBB,13.3566836735607
CAL-51,ERBB.FGFR,13.1823503243682
HCC38,ERBB.FGFR,13.2737438605868
MDA-MB-453,ERBB.FGFR,13.5672870063661
SW780,ERBB.FGFR,13.3656588446855
UM-UC-3,ERBB.IAP,13.4351098929617
VM-CUB-1,ERBB.IAP,13.2324546150975
BT-549,ERBB.MAP2K_1,13.3877778276043
CAL-51,ERBB.MAP2K_1,13.510247282143
HCC1143,ERBB.MAP2K_1,13.3333498912202
MDA-MB-436,ERBB.MAP2K_1,12.7430808744807
TCCSUP,ERBB.MAP2K_1,13.6204283746223
HCC1428,ERBB.MTOR_1,13.5214219002225
HCC1937,ERBB.MTOR_1,12.8889082265982
HCC70,ERBB.MTOR_1,12.279406030994
MDA-MB-157,ERBB.MTOR_1,12.3693918863845
MDA-MB-453,ERBB.MTOR_1,12.4388391342088
MFM-223,ERBB.MTOR_1,12.2645057850165
BT-549,ERBB.PIK3CA_4,12.355899321235
CAL-51,ERBB.PIK3CA_4,12.2013146385616
HCC1806,ERBB.PIK3CA_4,12.6494424670143
MDA-MB-468,ERBB.PIK3CA_4,12.4478143053337
BT-20,AKT_1.ESR1,12.2946652234602
HCC1806,AKT_1.ESR1,12.4314623487385
MDA-MB-157,AKT_1.ESR1,12.4699332882526
MDA-MB-436,AKT_1.ESR1,12.9761709831002
CAL-120,ESR1.FGFR,13.2352694657231
HCC38,ESR1.FGFR,12.8846731545016
M14,ESR1.FGFR,12.8386037126876
HCC1143,ESR1.MAP2K_1,12.1926441360205
HCC1395,ESR1.MAP2K_1,12.9709851617624
HCC70,ESR1.MAP2K_1,13.4695345408026
CAL-148,ESR1.MTOR_1,13.1189382295811
HCC1143,ESR1.MTOR_1,12.9162829517169
HCC1937,ESR1.MTOR_1,13.3607617182758
HCC38,ESR1.MTOR_1,12.4269092111001
HCC1419,AKT_1.ESR1_1,12.2885953484858
HCC70,AKT_1.ESR1_1,12.5304188371805
MDA-MB-361,AKT_1.ESR1_1,11.5965663300048
BT-20,ESR1_1.MTOR_1,12.4739138301465
HCC1419,ESR1_1.MTOR_1,12.0510798687606
HCC1954,ESR1_1.MTOR_1,12.6210700025573
CAMA-1,ESR1_1.PIK3C,13.3276763288089
MDA-MB-157,ESR1_1.PIK3C,12.4504964484858
T47D,ESR1_1.PIK3C,12.7771495452055
BT-20,ESR1_3.MTOR_1,12.808012277135
HCC1419,ESR1_3.MTOR_1,12.9917262885459
HCC70,ESR1_3.MTOR_1,13.3704553719607
CAL-120,BCL2_BCL2L1.FASN,12.9997351739112
CAL-51,BCL2_BCL2L1.FASN,13.3684889321158
CAMA-1,BCL2_BCL2L1.FASN,13.954551516458
HCC1428,BCL2_BCL2L1.FASN,13.1306867902328
BT-20,FASN.MAP2K_1,12.5211845946285
HCC1395,FASN.MAP2K_1,12.5876560436298
HCC70,FASN.MAP2K_1,12.6111704500189
CAL-120,FASN.MTOR_1,12.4858735021205
DU-4475,FASN.MTOR_1,12.6806176978433
HCC70,FASN.MTOR_1,12.506284348651
MDA-MB-436,FASN.MTOR_1,12.8912210306488
BT-20,AKT.FGFR,12.6732409123729
MCF7,AKT.FGFR,12.8341813064258
MDA-MB-157,AKT.FGFR,12.487159215081
NCI-H1703,AKT.FGFR,12.6845704520696
BFTC-905,BCL2_BCL2L1.FGFR,12.8632296788653
BT-474,BCL2_BCL2L1_BCL2L2.FGFR,12.2537274832611
DMS-114,BCL2_BCL2L1_BCL2L2.FGFR,12.4131605864759
NCI-H1703,BCL2_BCL2L1_BCL2L2.FGFR,12.2388272372835
NCI-H1703,Chloroquine.FGFR,12.6237639192814
NCI-H520,Chloroquine.FGFR,12.4221357576008
KATOIII,ERBB.FGFR,12.4057838010056
KMS-11,ERBB.FGFR,12.6054044526629
MFM-223,FGFR.MTOR_1,12.4442547405197
NCI-H520,FGFR.MTOR_1,11.9884630004571
SW780,FGFR.MTOR_1,12.3898268041356
CAMA-1,FGFR.MTOR_3,13.284436942786
HCC1500,FGFR.MTOR_3,12.6625230094611
CAMA-1,FGFR.PIK3C_MTOR,13.0015331346263
HCC1419,FGFR.PIK3C_MTOR,13.7081394608779
HCC1419,FGFR.Proteasome_2,13.1576126772745
NCI-H1703,FGFR.Proteasome_2,13.188475409204
T47D,FGFR.Proteasome_2,13.7509185040298
CAL-120,FGFR.WNT,13.3256637471188
DMS-114,FGFR.WNT,13.9150421934294
647-V,ATM.Gemcitabine,14.335014648527
HT-1197,ATM.Gemcitabine,12.4377979110492
HT-1197,BCL2_BCL2L1.Gemcitabine,12.3109736455377
VM-CUB-1,BCL2_BCL2L1.Gemcitabine,13.5336716483424
TCCSUP,ERBB.Gemcitabine,12.6876077623137
VM-CUB-1,ERBB.Gemcitabine,12.9042794722931
647-V,Gemcitabine.PARP1,12.9670812670741
TCCSUP,Gemcitabine.PARP1,12.5335592742436
BFTC-905,ATR_4.HDAC_4,12.9023130324482
KU-19-19,ATR_4.HDAC_4,13.0684031616927
SW780,HDAC_4.PARP1,13.4883756167903
HT-1197,HSP90.PARP1,13.0565602843554
UM-UC-3,HSP90.PARP1,12.4658352711555
A549,ATR_4.IAP,12.7249337537784
J82,ATR_4.IAP,12.3743374425569
NCI-H2170,ATR_4.IAP,12.1368219628317
NCI-H3122,ATR_4.IAP,12.4606494498177
TCCSUP,ATR_4.IAP,12.9502452138801
BT-20,BCL2L1.IAP,12.7475899360157
CAMA-1,BCL2L1.IAP,12.258216195399
HCC1569,BCL2L1.IAP,13.4370297693787
HCC70,BCL2L1.IAP,13.6961282520016
MDA-MB-468,BCL2L1.IAP,13.1976584735545
NCI-H522,BCL2L1.IAP,13.0723615256561
BFTC-905,BCL2_BCL2L1.IAP,13.2671057213791
SW780,BCL2_BCL2L1.IAP,13.0927723721866
RKO,CHEK1.IAP,13.2232948799266
SW620,CHEK1.IAP,13.2760808925038
SW837,CHEK1.IAP,13.1229318106303
DMS-114,Doxorubicin.IAP,13.2597289359086
NCI-H1299,Doxorubicin.IAP,13.2981998754227
NCI-H2085,Doxorubicin.IAP,13.2437719390386
NCI-H747,IAP.IGFR_3,13.0736472386167
RKO,IAP.IGFR_3,13.2994624989661
C32,IAP.IGFR_4,13.5308504224407
NCI-H747,IAP.IGFR_4,13.1080164610549
NCI-H747,IAP.JAK,12.966352573252
SW48,IAP.JAK,13.0328240222533
LS-513,IAP.Oxaliplatin,13.0563384286424
SW948,IAP.Oxaliplatin,12.931041480744
HT-1197,IAP.PARP1,13.1257856764669
J82,IAP.PARP1,13.0819748350145
SW780,IAP.PARP1,13.3363890092724
Calu-6,IAP.PIK3C,13.1347608475918
NCI-H1703,IAP.PIK3C,12.9816117657182
NCI-H1975,IAP.PIK3C,13.1568798305106
NCI-H226,IAP.PIK3C,13.1024518941266
NCI-H747,IAP.PIK3C,13.4905811025694
SW900,IAP.PIK3C,12.8810789069652
DMS-114,IAP.PIK3CA_3,12.8739819841942
NCI-H1437,IAP.PIK3CA_3,12.8457678144572
NCI-H1563,IAP.PIK3CA_3,13.04051201018
C32,IAP.PIK3CB,12.9967011687276
NCI-H1975,IAP.PIK3CB,13.2511153429855
NCI-H23,IAP.PIK3CB,12.8963380994314
NCI-H838,IAP.PIK3CB,12.6158144241612
SW900,IAP.PIK3CB,12.8470535274177
SW620,IAP.PTK2,13.1844717300085
SW948,IAP.PTK2,14.1482515398281
COLO-205,IAP.SN38,14.5632492754613
NCI-H747,IAP.SN38,13.3714140045862
647-V,IAP.TNF,13.5551280159971
BFTC-905,IAP.TNF,13.933857099412
CAL-120,IAP.TNF,13.5631369013625
A549,IAP.TOP2_2,13.9318906595671
NCI-H1299,IAP.TOP2_2,13.5086023425009
NCI-H520,IAP.TOP2_2,14.0979807888116
NCI-H1299,IAP.Topotecan,13.125016920464
NCI-H1437,IAP.Topotecan,12.5155147248598
SW900,IAP.Topotecan,12.5819861738611
Calu-6,IAP.Vinorelbine,12.6055005802502
NCI-H1299,IAP.Vinorelbine,12.5084178020888
NCI-H522,IAP.Vinorelbine,12.5920080151007
COLO-205,JAK.MTOR,12.4374233324273
HT-29,JAK.MTOR,12.6311369866222
TCCSUP,ATR_4.MAP2K_1,12.6516140457343
VM-CUB-1,ATR_4.MAP2K_1,12.4814893453123
VM-CUB-1,BCL2_BCL2L1.MAP2K_1,12.3179562904824
NCI-H747,BRAF_M.MAP2K_1,12.4070719811614
NCI-H3122,BRAF_M.MAP2K_1,12.2208735123211
NCI-H520,BRAF_M.MAP2K_1,12.3874035383068
SW900,BRAF_M.MAP2K_1,12.2130701891144
HCT-116,BRAF_M2.MAP2K_1,12.1498790426596
NCI-H1299,BRAF_M2.MAP2K_1,12.5980068711123
NCI-H1793,BRAF_M2.MAP2K_1,12.2432296275582
NCI-H358,BRAF_M2.MAP2K_1,12.391356292533
NCI-H520,BRAF_M2.MAP2K_1,11.8777915623814
SW48,BRAF_M2.MAP2K_1,11.8706946396104
MDA-MB-175-VII,HSP90.MAP2K_1,11.8628913164038
T-24,HSP90.MAP2K_1,11.9934138241438
NCI-H747,IGFR_3.MAP2K_1,12.2478279984018
SW948,IGFR_3.MAP2K_1,12.0461998367211
SW48,IGFR_4.MAP2K_1,11.8930507548476
SW620,IGFR_4.MAP2K_1,12.2294685317832
CAMA-1,MAP2K_1.MTOR_1,12.1907882741786
MDA-MB-415,MAP2K_1.MTOR_1,12.0138908832559
BT-474,MAP2K_1.PIK3C,12.0411774198225
LS-513,MAP2K_1.PIK3C,12.4155997386503
MCF7,MAP2K_1.PIK3C,11.8060975430461
NCI-H747,MAP2K_1.PIK3C,11.8960833984365
SW948,MAP2K_1.PIK3C,11.7990006202751
HT-1197,MAP2K_1.PIM1,11.7911972970685
C32,MAP2K_1.PTK2,11.9217198048085
SW837,MAP2K_1.PTK2,11.9745058173858
COLO-205,MAP2K_1.TKI,12.1577745124479
LS-513,MAP2K_1.TKI,11.5408330602422
BT-474,MAP2K_3.PIK3C,11.7720721634986
HCC1954,MAP2K_3.PIK3C,12.7457907430976
MDA-MB-157,MAP2K_3.PIK3C,12.6487079649362
Calu-3,ALK.MTOR_1,12.6204937951991
NCI-H1793,ALK.MTOR_1,12.815237990922
SW900,ALK.MTOR_1,12.7322981779481
Calu-3,ALK_2.MTOR_1,12.5777134952747
NCI-H1299,ALK_2.MTOR_1,12.7714271494696
NCI-H1793,ALK_2.MTOR_1,12.8242131620469
NCI-H2170,ALK_2.MTOR_1,12.8078612054517
TCCSUP,ATR_4.MTOR_1,13.0074818571089
HT-1376,FGFR.MTOR_1,12.8463321449657
TCCSUP,FGFR.MTOR_1,12.6217795081597
UM-UC-3,FGFR.MTOR_1,13.1502761643983
CAL-120,MAP2K_1.MTOR_1,12.5407739687941
CAL-51,MAP2K_1.MTOR_1,12.5336770460231
HCC1143,MAP2K_1.MTOR_1,12.5258737228165
HCC1937,MAP2K_1.MTOR_1,12.6172672590351
MDA-MB-231,MAP2K_1.MTOR_1,12.4626825763617
647-V,MTOR_1.PIK3C,12.7091822431338
BFTC-905,MTOR_1.PIK3C,12.6928302865386
HCC1569,MTOR_1.PIK3C,12.8924509381958
HT-1197,MTOR_1.PIK3C,12.2755094859901
MDA-MB-157,MTOR_1.PIK3C,13.2780250027025
MDA-MB-361,HDAC_4.PARP1,12.7349942560996
T47D,HSP90.PARP1,12.7585086624887
HCC1143,PARP1.PIK3C,12.6614258843273
HCC1187,PARP1.PIK3C,12.6332117145902
HCC1937,PARP1.PIK3C,12.8279559103131
MDA-MB-231,PARP1.PIK3C,12.7450160973392
M14,PARP1.PIK3C,12.7841450688607
HCC1143,PARP1.PIK3CB_PIK3CD,12.836931081438
MDA-MB-436,PARP1.PIK3CB_PIK3CD,12.8205791248427
M14,PARP1.PIK3CB_PIK3CD,13.0201997765
NCI-H2291,ADAM17.PIK3C,12.4032583242943
NCI-H3122,ADAM17.PIK3C,12.1556061801994
NCI-H522,ADAM17.PIK3C,12.2220776292007
EVSA-T,AKT_1.PIK3C,12.2455920355899
HCC1419,AKT_1.PIK3C,12.3150392834143
MDA-MB-361,AKT_1.PIK3C,12.077514787767
NCI-H2085,ALK.PIK3C,12.3240144545392
NCI-H2291,ALK.PIK3C,12.1708653726656
NCI-H838,ALK.PIK3C,11.8903416973955
HT-1197,HSP90.PIK3C,12.4686028919966
TCCSUP,HSP90.PIK3C,12.1215808006519
J82,IAP.PIK3C,12.3189920376404
CAL-148,MAP2K_1.PIK3C,12.4925299774192
HCC1428,MAP2K_1.PIK3C,12.5816456680981
HCC1806,MAP2K_1.PIK3C,12.5619772252436
M14,MAP2K_1.PIK3C,12.3876438760512
CAL-51,MTOR_1.PIK3C,12.4790374122697
UM-UC-3,PIK3C.PIM1,12.5181663837912
HT-1376,PIK3C.TNFSF10,12.772580558049
SW780,PIK3C.TNFSF10,12.5709523963684
NCI-H1793,CSNK2A1_2.PIK3CA_3,12.4178033144949
NCI-H2291,CSNK2A1_2.PIK3CA_3,12.5546004397732
NCI-H23,CSNK2A1_2.PIK3CA_3,12.1372796392248
NCI-H522,CSNK2A1_2.PIK3CA_3,12.2182065571418
CAMA-1,MTOR_1.PIK3CA_4,12.8319759900948
HCC1395,MTOR_1.PIK3CA_4,13.3014577294664
HCC1428,MTOR_1.PIK3CA_4,12.7874450769248
HCC70,MTOR_1.PIK3CA_4,13.5440348587449
CAMA-1,PIK3C_2.PIK3CA_4,12.5976353667374
HCC1395,PIK3C_2.PIK3CA_4,12.166569216342
HCC70,PIK3C_2.PIK3CA_4,12.0045118429064
MDA-MB-453,PIK3C_2.PIK3CA_4,12.3832409263213
NCI-H1299,ALK_2.PIK3CB,12.1719132597566
NCI-H2085,ALK_2.PIK3CB,12.0125207282718
NCI-H358,ALK_2.PIK3CB,12.3812744864764
SW900,ALK_2.PIK3CB,11.9579861694103
Calu-3,PIK3CB.Topotecan,12.547364615721
NCI-H1563,PIK3CB.Topotecan,12.6263948141328
NCI-H23,PIK3CB.Topotecan,12.7163806695232
NCI-H520,PIK3CB.Topotecan,12.6192978913618
HT-1376,EG5.PIK3CB_PIK3CD,12.6114945681553
T-24,EG5.PIK3CB_PIK3CD,12.7420170758953
J82,PARP1.PIK3CB_PIK3CD,12.7948030884725
SW780,PARP1.PIK3CB_PIK3CD,12.9780717835346
BT-20,BCL2_BCL2L1.PIM1,12.93939152593
CAL-51,BCL2_BCL2L1.PIM1,12.7624941350074
HCC1937,BCL2_BCL2L1.PIM1,12.5923694345853
HT-1197,BCL2_BCL2L1.PIM1,12.7897806715738
MDA-MB-157,BCL2_BCL2L1.PIM1,13.0274641007256
MDA-MB-453,BCL2_BCL2L1.PIM1,12.5079477605118
CAL-51,MAP2K_1.PIM1,12.5773950083362
HCC1187,MAP2K_1.PIM1,12.4030616591439
HCC1395,MAP2K_1.PIM1,12.4944551953624
Hs-578-T,MAP2K_1.PIM1,12.339870512689
HCC1187,PIK3C.PIM1,12.5335841668839
HCC1395,PIK3C.PIM1,12.5863701794611
HCC38,PIK3C.PIM1,12.7696388745232
MDA-MB-157,PIK3C.PIM1,12.60848916238
A549,PIM1.TOP2_2,12.7309586169186
Calu-3,PIM1.TOP2_2,12.9948281047467
Calu-6,PIM1.TOP2_2,12.4517973581437
CAL-51,AKT.PIP5K1,12.3782289863716
HCC1143,AKT.PIP5K1,12.3704256631649
HCC1187,AKT.PIP5K1,12.4618191993835
MDA-MB-436,AKT.PIP5K1,12.30723451671
MDA-MB-157,MAP2K_1.PIP5K1,12.7553623451628
MDA-MB-468,MAP2K_1.PIP5K1,12.5537341834822
MFM-223,MAP2K_1.PIP5K1,12.4005851016087
CAL-120,PIK3C.PIP5K1,12.537382226887
CAL-148,PIK3C.PIP5K1,12.1200614263385
MDA-MB-436,PIK3C.PIP5K1,12.521425230017
CAL-120,PIK3CB_PIK3CD.PIP5K1,12.5808273198378
MDA-MB-231,PIK3CB_PIK3CD.PIP5K1,12.6708131752283
M14,PIK3CB_PIK3CD.PIP5K1,12.5737303970668
CAL-120,BCL2_BCL2L1.SLC16A4,12.7402604230527
HCC1187,BCL2_BCL2L1.SLC16A4,12.5659270738603
MDA-MB-436,BCL2_BCL2L1.SLC16A4,12.6573206100788
MDA-MB-453,BCL2_BCL2L1.SLC16A4,12.5027359274054
CAL-120,FGFR.SLC16A4,12.596086512304
HCC1806,FGFR.SLC16A4,12.9325042892396
MFM-223,FGFR.SLC16A4,12.7713545770964
M14,FGFR.SLC16A4,12.8938240316351
HCC1187,MAP2K_1.SLC16A4,12.9173438901531
HCC70,MAP2K_1.SLC16A4,13.598219891813
MDA-MB-468,MAP2K_1.SLC16A4,12.463866527922
MFM-223,MAP2K_1.SLC16A4,14.0132176274463
BT-20,MTOR_1.SLC16A4,13.1671537414176
MDA-MB-231,MTOR_1.SLC16A4,13.4466272461779
MDA-MB-468,MTOR_1.SLC16A4,13.1724977848322
MDA-MB-157,PIK3CB_PIK3CD.SLC16A4,12.9585706944859
MDA-MB-231,PIK3CB_PIK3CD.SLC16A4,13.9679215958941
MDA-MB-468,PIK3CB_PIK3CD.SLC16A4,13.5361062634593
NCI-H747,IGFR_3.TKI,13.3067690943816
SW948,IGFR_3.TKI,12.6848551610567
Calu-6,CSNK2A1_2.TNFSF10,13.0238652862219
DMS-114,CSNK2A1_2.TNFSF10,13.9876450960415
NCI-H1703,CSNK2A1_2.TNFSF10,13.7304716124735
CAL-120,AKT.TNKS_PARP6,12.8532917321505
HCC1143,AKT.TNKS_PARP6,13.1799448288701
HCC70,AKT.TNKS_PARP6,13.8360524504065
BT-549,FGFR.TNKS_PARP6,13.4410212457098
CAL-120,FGFR.TNKS_PARP6,13.5619229890606
Hs-578-T,FGFR.TNKS_PARP6,13.3479958987144
CAL-148,MTOR_1.TNKS_PARP6,12.9080989802203
CAL-51,MTOR_1.TNKS_PARP6,13.3318014983122
MDA-MB-231,MTOR_1.TNKS_PARP6,12.4546216179891
MDA-MB-453,MTOR_1.TNKS_PARP6,14.0039727175134
CAL-51,PIK3CB_PIK3CD.TNKS_PARP6,12.8121374466382
HCC38,PIK3CB_PIK3CD.TNKS_PARP6,12.9958514580492
M14,PIK3CB_PIK3CD.TNKS_PARP6,13.374580541464
NCI-H1437,ALK_2.TOP2,13.372614101619
NCI-H358,ALK_2.TOP2,13.5387042308637
NCI-H522,ALK_2.TOP2,13.5268613535264
NCI-H1975,Doxorubicin.TOP2,12.4223020424685
NCI-H3122,Doxorubicin.TOP2,12.1393982343087
NCI-H522,Doxorubicin.TOP2,13.1031780441283
Calu-6,BCL2L1.Vinorelbine,12.3263405088865
NCI-H226,BCL2L1.Vinorelbine,12.5100545202974
NCI-H2291,BCL2L1.Vinorelbine,12.8887836037122
NCI-H1437,BCL2_2.Vinorelbine,12.9515853984933
NCI-H1703,BCL2_2.Vinorelbine,12.5565541937966
NCI-H1793,BCL2_2.Vinorelbine,12.8868171638673
SW900,BCL2_2.Vinorelbine,13.0529072931119
