CELL_LINE,COMBINATION_ID,PREDICTION
BT-549,ADAM17.AKT,-13.222155243891
CAL-148,ADAM17.AKT,0.975917786409591
HCC38,ADAM17.AKT,11.0207599043353
BT-20,ADAM17.BCL2_BCL2L1,25.5609913845362
HCC1143,ADAM17.BCL2_BCL2L1,-22.1701318849326
HCC1937,ADAM17.BCL2_BCL2L1,-11.2589183520506
Hs-578-T,ADAM17.BCL2_BCL2L1,-21.80830432091
DU-4475,ADAM17.FGFR,1.18268459781202
HCC1187,ADAM17.FGFR,0.36690884314095
HCC70,ADAM17.FGFR,-10.0596038630312
Hs-578-T,ADAM17.FGFR,-34.0727895409285
CAL-51,ADAM17.MAP2K_1,-23.0001383001149
HCC1428,ADAM17.MAP2K_1,20.7029001527285
MDA-MB-157,ADAM17.MAP2K_1,-2.34354998307648
BT-549,ADAM17.MTOR_1,-16.4594883138549
MDA-MB-157,ADAM17.MTOR_1,-1.7492510011061
MFM-223,ADAM17.MTOR_1,-11.1821821205439
BT-549,ADAM17.PIK3C,-21.1293059828434
DU-4475,ADAM17.PIK3C,-12.4738195629554
HCC1187,ADAM17.PIK3C,-17.7456176713768
HCC38,ADAM17.PIK3C,12.3449686136509
BT-549,ADAM17.PIK3CB_PIK3CD,20.4038841066814
CAL-120,ADAM17.PIK3CB_PIK3CD,-7.54124945849631
CAL-51,ADAM17.PIK3CB_PIK3CD,-36.4743895232267
MDA-MB-436,ADAM17.PIK3CB_PIK3CD,-14.632125246585
VCaP,ADAM17.AKT,-11.9341828780705
T47D,AKT.AKT_1,16.9666009595785
A549,AKT.CSNK2A1_2,-23.8597466886998
NCI-H2291,AKT.CSNK2A1_2,10.8289497188286
NCI-H358,AKT.CSNK2A1_2,-1.77435261461049
SW900,AKT.CSNK2A1_2,3.92168503479349
T47D,AKT.Chloroquine,6.18269407148475
BFTC-905,AKT.FGFR,8.91866380057612
J82,AKT.FGFR,-2.56554580432785
VCaP,AKT.FGFR,9.09616521578562
CAMA-1,AKT.HDAC_4,9.70598765121491
MDA-MB-361,AKT.HDAC_4,-14.2420327102821
UM-UC-3,AKT.HDAC_4,-22.9069356168336
CAL-120,AKT.PIK3CA_4,-0.220023947170711
CAL-51,AKT.PIK3CA_4,-3.93801075355005
HCC1428,AKT.PIK3CA_4,11.7719540970043
HCC38,AKT.PIK3CA_4,37.9202428633405
CAL-148,AKT.PIK3C_2,0.352756833402352
CAL-51,AKT.PIK3C_2,-26.5570499579763
HCC1187,AKT.PIK3C_2,-32.8887635823014
MDA-MB-453,AKT.PIK3C_2,-2.57441729831171
647-V,AKT.TNF,-7.76533826937665
UM-UC-3,AKT.TNF,-24.749341240682
CAL-120,AKT.AKT_1,-4.01630503362612
CAL-148,AKT.AKT_1,-15.4780405941173
HCC38,AKT.AKT_1,37.614075597349
MDA-MB-468,AKT.AKT_1,4.61104905941811
BT-20,AKT_1.PIK3C,33.0810855079068
CAL-51,AKT_1.PIK3C,4.26519296299916
M14,AKT_1.PIK3C,3.14552235758845
BT-20,AKT_1.PIK3CB_PIK3CD,29.3472904843004
CAL-148,AKT_1.PIK3CB_PIK3CD,9.95830734742172
HCC1806,AKT_1.PIK3CB_PIK3CD,10.4884227243749
HCC1143,AKT_1.PIK3C_2,-7.13442387173121
HCC1187,AKT_1.PIK3C_2,-12.6968614652793
MDA-MB-468,AKT_1.PIK3C_2,9.64377276103324
CAL-120,AKT_SGK.BCL2_BCL2L1,4.59853485275561
HCC1806,AKT_SGK.BCL2_BCL2L1,6.0793301023579
HCC38,AKT_SGK.BCL2_BCL2L1,38.3247594421637
MDA-MB-453,AKT_SGK.BCL2_BCL2L1,-13.4630385166394
BT-549,AKT_SGK.FGFR,6.58736379594995
CAL-51,AKT_SGK.FGFR,-4.18222351189098
Hs-578-T,AKT_SGK.FGFR,-25.4949872201733
MDA-MB-231,AKT_SGK.FGFR,-2.14958162973815
Hs-578-T,AKT_SGK.MAP2K_1,-32.8402524748964
MDA-MB-231,AKT_SGK.MAP2K_1,4.10124148531113
MDA-MB-436,AKT_SGK.MAP2K_1,15.2700038744506
MDA-MB-453,AKT_SGK.MAP2K_1,-11.6593986096527
BT-549,AKT_SGK.PIK3C,12.8337541976673
HCC1187,AKT_SGK.PIK3C,3.91218064260754
HCC1428,AKT_SGK.PIK3C,21.3257814887379
MDA-MB-468,AKT_SGK.PIK3C,14.1824542190791
HCC1937,AKT.ALK_IGFR,12.5333263228377
HCC38,AKT.ALK_IGFR,55.9554913205283
HCC70,AKT.ALK_IGFR,8.42945952173014
MDA-MB-453,AKT.ALK_IGFR,-14.5427499009408
HCC1937,AKT_1.ALK_IGFR,1.18023427822013
MDA-MB-231,AKT_1.ALK_IGFR,-0.743589712250315
MFM-223,AKT_1.ALK_IGFR,13.6167736794949
CAL-120,ALK_IGFR.MTOR_1,34.1926615280263
HCC1395,ALK_IGFR.MTOR_1,-1.35580588990176
MDA-MB-453,ALK_IGFR.MTOR_1,11.4947975421481
HCC1395,ALK_IGFR.PIK3CB_PIK3CD,0.934510072837501
HCC1428,ALK_IGFR.PIK3CB_PIK3CD,-10.8565138663381
MDA-MB-453,ALK_IGFR.PIK3CB_PIK3CD,15.3251131535247
MFM-223,ALK_IGFR.PIK3CB_PIK3CD,56.9877831398302
HCC1143,AKT.ATR_4,-10.7787529667725
HCC1937,AKT.ATR_4,4.69573756094353
MDA-MB-231,AKT.ATR_4,-3.94791180225556
MDA-MB-436,AKT.ATR_4,12.3540465352163
MDA-MB-468,AKT.ATR_4,1.15027719565034
HCC1395,ATR_4.BCL2_BCL2L1,-12.7868443599697
HCC1428,ATR_4.BCL2_BCL2L1,12.3755967439372
Hs-578-T,ATR_4.BCL2_BCL2L1,10.5026850445951
M14,ATR_4.BCL2_BCL2L1,-14.8743741251595
HCC1428,ATR_4.MAP2K_1,19.2030816282162
HCC1806,ATR_4.MAP2K_1,-19.320259351037
HCC70,ATR_4.MAP2K_1,49.6060917017603
MDA-MB-436,ATR_4.MAP2K_1,-33.825613795642
CAL-120,ATR_4.MTOR_1,8.29035212509197
CAMA-1,ATR_4.MTOR_1,-5.48632733040617
HCC1806,ATR_4.MTOR_1,-18.9174523715142
MDA-MB-436,ATR_4.MTOR_1,-10.5383360225455
DMS-114,BCL2.CarboTaxol,6.96057469827407
NCI-H522,BCL2.CarboTaxol,-22.9716275144996
NCI-H838,BCL2.CarboTaxol,5.67977355509012
LS-513,BCL2.IGFR_4,0.478535537847566
SW48,BCL2.IGFR_4,44.9447162352681
LS-513,BCL2.MAP2K_1,-7.4037146735846
SW48,BCL2.MAP2K_1,36.014061964942
NCI-H747,BCL2.Oxaliplatin,12.3436903831064
HT-29,BCL2.Oxaliplatin,-0.491345764097689
NCI-H1563,BCL2.Topotecan,26.9766591085108
NCI-H1703,BCL2.Topotecan,-37.3870419913663
NCI-H3122,BCL2.Topotecan,10.6368435969996
BT-474,AKT_1.BCL2_2,15.1509285825794
HCC1395,AKT_1.BCL2_2,-1.80053717950326
MDA-MB-157,AKT_1.BCL2_2,8.63559279882063
BT-20,AKT_1.BCL2_BCL2L1,28.697250698598
HCC1143,AKT_1.BCL2_BCL2L1,-18.82498576028
HCC1395,AKT_1.BCL2_BCL2L1,-15.9214167107583
HCC1806,AKT_1.BCL2_BCL2L1,-1.89907088600618
SW780,ATR_4.BCL2_BCL2L1,-0.986938400117273
CAL-148,BCL2_BCL2L1.FGFR,-21.3770541464364
HCC1187,BCL2_BCL2L1.FGFR,-42.601939984074
HCC1395,BCL2_BCL2L1.FGFR,-19.1659234957857
HCC1937,BCL2_BCL2L1.FGFR,-3.69795533059745
MDA-MB-231,BCL2_BCL2L1.FGFR,-9.14082050783353
CAL-120,BCL2_BCL2L1.MAP2K_1,-2.60500582453702
HCC70,BCL2_BCL2L1.MAP2K_1,4.93637180163108
MDA-MB-157,BCL2_BCL2L1.MAP2K_1,-1.51467644027941
MDA-MB-453,BCL2_BCL2L1.MAP2K_1,-26.5089609628239
BT-549,BCL2_BCL2L1.PIK3CA_4,-16.7995094864499
HCC1187,BCL2_BCL2L1.PIK3CA_4,-7.49892824924503
HCC38,BCL2_BCL2L1.PIK3CA_4,4.2356123102016
Hs-578-T,BCL2_BCL2L1.PIK3CA_4,-3.4852621194906
HCC1419,AKT.BCL2L1,28.5381479644845
HCC1954,AKT.BCL2L1,15.1616988421732
MDA-MB-157,AKT.BCL2L1,41.5056541048744
MDA-MB-157,AKT_1.BCL2L1,-1.20539147923594
MDA-MB-436,AKT_1.BCL2L1,22.0460306258074
MDA-MB-453,AKT_1.BCL2L1,-12.4000897489884
EVSA-T,BCL2L1.MTOR_1,-2.85262334955347
HCC1187,BCL2L1.MTOR_1,-0.565452486154852
MDA-MB-453,BCL2L1.MTOR_1,-0.599545160648638
HCC1954,BCL2L1.PIK3C,-6.26538457513599
MDA-MB-436,BCL2L1.PIK3C,43.6036099111987
T47D,BCL2L1.PIK3C,16.0125215619015
HCC70,BRAF_M2.MAP2K_1,8.9784945671159
Calu-6,BRAF_M2.MAP2K_3,27.9652498653411
HCC70,BRAF_M2.MAP2K_3,9.81677906671241
MDA-MB-468,BRAF_M2.MAP2K_3,73.0338480084345
NCI-H226,BRAF_M2.MAP2K_3,66.5495606398552
NCI-H522,BRAF_M2.MAP2K_3,86.2007513968191
SW900,BRAF_M2.MAP2K_3,34.1598942380342
BT-20,ATR_4.CarboTaxol,-34.1364875054985
MDA-MB-436,ATR_4.CarboTaxol,-16.5614248405592
MDA-MB-453,ATR_4.CarboTaxol,-16.80525721124
NCI-H1299,ATR_4.CarboTaxol,-14.3848824576634
NCI-H1703,ATR_4.CarboTaxol,-31.0579533752432
NCI-H1563,BCL2L1.CarboTaxol,-29.6848795495086
NCI-H1793,BCL2L1.CarboTaxol,-11.806609078164
NCI-H2228,BCL2L1.CarboTaxol,-47.0325678199096
NCI-H1703,CHEK1.IAP,-13.8993088751199
NCI-H1793,CHEK1.IAP,-12.314483409525
NCI-H838,CHEK1.IAP,-3.90796976253574
SW780,CHEK1.IAP,26.958547558843
HCC1569,AKT.Chloroquine,-9.52734524685834
MDA-MB-415,AKT.Chloroquine,2.90505159798059
BT-20,AKT_1.Chloroquine,18.3719112129264
HCC1187,AKT_1.Chloroquine,-14.388564411369
HCC70,AKT_1.Chloroquine,-5.3714362928107
BT-20,Chloroquine.PIK3C,13.2399865465903
MDA-MB-157,Chloroquine.PIK3C,-21.926702555909
T47D,Chloroquine.PIK3C,-0.484876871267856
HT-1197,AKT.Cisplatin,-10.6788453088643
VM-CUB-1,AKT.Cisplatin,2.69321066515044
T-24,Cisplatin.FGFR,1.90353344540874
VM-CUB-1,Cisplatin.FGFR,4.91206919959955
HT-1197,Cisplatin.HDAC_4,7.20262760145776
SW780,Cisplatin.HDAC_4,22.9322297746024
HT-1376,Cisplatin.PARP1,-6.59597891618915
T-24,Cisplatin.PARP1,-3.10585522799221
647-V,Cisplatin.PIK3C,1.68331158352145
UM-UC-3,Cisplatin.PIK3C,-17.8276370614578
HCC1569,AKT.CSNK2A1_2,-6.93358777402303
HCC1954,AKT.CSNK2A1_2,4.51862467974137
A549,ALK.CSNK2A1_2,-15.33544432956
Calu-3,ALK.CSNK2A1_2,0.361785170655028
NCI-H520,ALK.CSNK2A1_2,16.3970317523146
Calu-6,BCL2.CSNK2A1_2,0.593200816999595
NCI-H1975,BCL2.CSNK2A1_2,20.6493100062398
NCI-H2170,BCL2.CSNK2A1_2,68.2558792005802
NCI-H1437,CarboTaxol.CSNK2A1_2,0.797821744235553
NCI-H2228,CarboTaxol.CSNK2A1_2,-68.4629091600575
NCI-H23,CarboTaxol.CSNK2A1_2,-7.13803469800327
NCI-H1299,Carboplatin.CSNK2A1_2,-3.58701359412933
NCI-H358,Carboplatin.CSNK2A1_2,63.4390052640915
NCI-H838,Carboplatin.CSNK2A1_2,-2.34761409405579
NCI-H1437,CSNK2A1_2.Gemcitabine,-1.73398294310345
NCI-H358,CSNK2A1_2.Gemcitabine,-4.37714483067126
SW900,CSNK2A1_2.Gemcitabine,-6.23585021490999
NCI-H2291,CSNK2A1_2.SYK,5.99015053756016
NCI-H838,CSNK2A1_2.SYK,1.26102349489954
SW900,CSNK2A1_2.SYK,-4.6656237246675
HT-1376,EG5.PARP1,21.5446441501107
SW780,EG5.PARP1,14.6358068078798
J82,EG5.PIM1,-4.8073488630253
UM-UC-3,EG5.PIM1,-12.8975942260305
CAL-148,AKT.EGFR,9.26001472678563
HCC1395,AKT.EGFR,-11.6809642580556
HCC1806,AKT.EGFR,0.933006309100565
MDA-MB-453,AKT.EGFR,-16.6234906980626
CAL-51,AKT_1.EGFR,-6.39696300391966
DU-4475,AKT_1.EGFR,-3.28746430438682
HCC1428,AKT_1.EGFR,19.0158329853921
M14,AKT_1.EGFR,-13.0216659095793
CAL-120,BCL2_BCL2L1.EGFR,-6.01079816319595
CAL-148,BCL2_BCL2L1.EGFR,-21.4197919652531
MDA-MB-468,BCL2_BCL2L1.EGFR,-4.94684162009644
M14,BCL2_BCL2L1.EGFR,-13.566909478292
CAL-120,EGFR.FGFR,13.7393477006579
HCC1806,EGFR.FGFR,6.63223683772074
MDA-MB-436,EGFR.FGFR,6.87688816347571
HCC1143,EGFR.MAP2K_1,7.03956341440261
HCC1806,EGFR.MAP2K_1,-11.622050527623
HCC1937,EGFR.MAP2K_1,12.1908074637027
MDA-MB-436,EGFR.MAP2K_1,1.5729978680395
BT-20,AKT_1.EGFR_2,12.4878763489824
HCC1569,AKT_1.EGFR_2,-3.79471177553343
MDA-MB-468,AKT_1.EGFR_2,6.58883664228127
NCI-H1793,ALK.EGFR_2,-18.6128065912973
NCI-H2085,ALK.EGFR_2,-10.5798731189655
NCI-H3122,ALK.EGFR_2,-25.746637683633
NCI-H520,ALK.EGFR_2,-0.536933915753858
BT-549,AKT.ERBB,20.7892989487776
HCC38,AKT.ERBB,44.0996876361004
MDA-MB-361,AKT.ERBB,-2.93434656665552
MDA-MB-415,AKT.ERBB,13.5518503661927
MFM-223,AKT.ERBB,78.496124907743
T47D,AKT.ERBB,36.3913074701
CAL-51,ERBB.FGFR,-20.0730686126417
HCC38,ERBB.FGFR,32.6189315008016
MDA-MB-453,ERBB.FGFR,-8.62578183693879
SW780,ERBB.FGFR,82.3034495389719
UM-UC-3,ERBB.IAP,-2.43041143370204
VM-CUB-1,ERBB.IAP,-0.115465264249064
BT-549,ERBB.MAP2K_1,-16.5897318898939
CAL-51,ERBB.MAP2K_1,6.29459925155965
HCC1143,ERBB.MAP2K_1,-5.30457373540457
MDA-MB-436,ERBB.MAP2K_1,7.56687835372648
TCCSUP,ERBB.MAP2K_1,5.70292737489529
HCC1428,ERBB.MTOR_1,14.632372338019
HCC1937,ERBB.MTOR_1,38.1753556617378
HCC70,ERBB.MTOR_1,19.4656291678946
MDA-MB-157,ERBB.MTOR_1,-2.16186267269501
MDA-MB-453,ERBB.MTOR_1,-5.10839132004193
MFM-223,ERBB.MTOR_1,103.148760733231
BT-549,ERBB.PIK3CA_4,-25.1880184295515
CAL-51,ERBB.PIK3CA_4,1.58256591561872
HCC1806,ERBB.PIK3CA_4,-8.49182029213798
MDA-MB-468,ERBB.PIK3CA_4,-22.946574589823
BT-20,AKT_1.ESR1,10.7793134277768
HCC1806,AKT_1.ESR1,0.37447737321919
MDA-MB-157,AKT_1.ESR1,56.5827565983814
MDA-MB-436,AKT_1.ESR1,-4.47407081481206
CAL-120,ESR1.FGFR,-0.946464643508804
HCC38,ESR1.FGFR,10.685851449908
M14,ESR1.FGFR,0.279501370390045
HCC1143,ESR1.MAP2K_1,-2.97317479239267
HCC1395,ESR1.MAP2K_1,-9.35033570572862
HCC70,ESR1.MAP2K_1,-5.87245016532937
CAL-148,ESR1.MTOR_1,-12.2838426581983
HCC1143,ESR1.MTOR_1,-0.518759966748375
HCC1937,ESR1.MTOR_1,-7.6158088514535
HCC38,ESR1.MTOR_1,-22.2045587166649
HCC1419,AKT_1.ESR1_1,-1.10388857734942
HCC70,AKT_1.ESR1_1,0.817028596578686
MDA-MB-361,AKT_1.ESR1_1,-2.5509079216914
BT-20,ESR1_1.MTOR_1,-17.316487904754
HCC1419,ESR1_1.MTOR_1,9.42070509532596
HCC1954,ESR1_1.MTOR_1,4.00500314545779
CAMA-1,ESR1_1.PIK3C,8.44473454014187
MDA-MB-157,ESR1_1.PIK3C,-3.23079079648703
T47D,ESR1_1.PIK3C,20.2216962684614
BT-20,ESR1_3.MTOR_1,7.89913216523577
HCC1419,ESR1_3.MTOR_1,-9.30626224705064
HCC70,ESR1_3.MTOR_1,-13.4384712599543
CAL-120,BCL2_BCL2L1.FASN,-2.40702144296851
CAL-51,BCL2_BCL2L1.FASN,-11.6328847882188
CAMA-1,BCL2_BCL2L1.FASN,-0.0851646906134707
HCC1428,BCL2_BCL2L1.FASN,6.50571977782781
BT-20,FASN.MAP2K_1,-2.83615847416921
HCC1395,FASN.MAP2K_1,2.8821289720931
HCC70,FASN.MAP2K_1,-12.4997758862666
CAL-120,FASN.MTOR_1,-1.24274422354391
DU-4475,FASN.MTOR_1,-4.85092780874374
HCC70,FASN.MTOR_1,-8.4355287566593
MDA-MB-436,FASN.MTOR_1,-26.5043787778332
BT-20,AKT.FGFR,35.1843936042157
MCF7,AKT.FGFR,6.17888730457112
MDA-MB-157,AKT.FGFR,41.247243116702
NCI-H1703,AKT.FGFR,20.05031243339
BFTC-905,BCL2_BCL2L1.FGFR,-17.7891938817726
BT-474,BCL2_BCL2L1_BCL2L2.FGFR,0.626682651245435
DMS-114,BCL2_BCL2L1_BCL2L2.FGFR,-15.3772310050129
NCI-H1703,BCL2_BCL2L1_BCL2L2.FGFR,-30.4890046505425
NCI-H1703,Chloroquine.FGFR,-46.0782731641212
NCI-H520,Chloroquine.FGFR,21.6781821139161
KATOIII,ERBB.FGFR,20.1660413813991
KMS-11,ERBB.FGFR,-6.94843622409601
MFM-223,FGFR.MTOR_1,-5.88393534166532
NCI-H520,FGFR.MTOR_1,1.58853941366601
SW780,FGFR.MTOR_1,-24.5578598346843
CAMA-1,FGFR.MTOR_3,7.33738388586471
HCC1500,FGFR.MTOR_3,-17.9010242001681
CAMA-1,FGFR.PIK3C_MTOR,-2.68768813101957
HCC1419,FGFR.PIK3C_MTOR,-4.0801156326512
HCC1419,FGFR.Proteasome_2,-5.20936823590611
NCI-H1703,FGFR.Proteasome_2,9.54042312188601
T47D,FGFR.Proteasome_2,4.25449938496702
CAL-120,FGFR.WNT,4.67893172420148
DMS-114,FGFR.WNT,2.69389575816708
647-V,ATM.Gemcitabine,0.175168937033148
HT-1197,ATM.Gemcitabine,-4.43328953833064
HT-1197,BCL2_BCL2L1.Gemcitabine,-3.40577577527526
VM-CUB-1,BCL2_BCL2L1.Gemcitabine,-13.4423923862489
TCCSUP,ERBB.Gemcitabine,9.72386137477661
VM-CUB-1,ERBB.Gemcitabine,5.72800427434295
647-V,Gemcitabine.PARP1,-5.15689765275591
TCCSUP,Gemcitabine.PARP1,5.66973467649402
BFTC-905,ATR_4.HDAC_4,11.0009693197912
KU-19-19,ATR_4.HDAC_4,-22.8996396553118
SW780,HDAC_4.PARP1,7.30082113249869
HT-1197,HSP90.PARP1,-3.98272646776341
UM-UC-3,HSP90.PARP1,-11.3402963043395
A549,ATR_4.IAP,18.176471525114
J82,ATR_4.IAP,-15.1569388512885
NCI-H2170,ATR_4.IAP,-10.2008164630661
NCI-H3122,ATR_4.IAP,-13.5130908648184
TCCSUP,ATR_4.IAP,-5.52007286958004
BT-20,BCL2L1.IAP,33.4430858338173
CAMA-1,BCL2L1.IAP,-6.63864497039228
HCC1569,BCL2L1.IAP,9.1296904504108
HCC70,BCL2L1.IAP,-0.0466328229466897
MDA-MB-468,BCL2L1.IAP,-1.67346304411044
NCI-H522,BCL2L1.IAP,-11.7667316444874
BFTC-905,BCL2_BCL2L1.IAP,-12.158876660118
SW780,BCL2_BCL2L1.IAP,10.4338262767224
RKO,CHEK1.IAP,40.9905241246091
SW620,CHEK1.IAP,-13.6843555672347
SW837,CHEK1.IAP,-0.141320032882276
DMS-114,Doxorubicin.IAP,-0.712505348007572
NCI-H1299,Doxorubicin.IAP,-19.1672909723404
NCI-H2085,Doxorubicin.IAP,-11.7569260804777
NCI-H747,IAP.IGFR_3,3.40093313606719
RKO,IAP.IGFR_3,15.6701517630559
C32,IAP.IGFR_4,-11.0001697433818
NCI-H747,IAP.IGFR_4,8.0376393817396
NCI-H747,IAP.JAK,8.41921740025004
SW48,IAP.JAK,104.665376520405
LS-513,IAP.Oxaliplatin,3.62809329784425
SW948,IAP.Oxaliplatin,9.39437856459769
HT-1197,IAP.PARP1,9.37038281151528
J82,IAP.PARP1,-0.789662817233852
SW780,IAP.PARP1,25.2647456739745
Calu-6,IAP.PIK3C,13.4507680143508
NCI-H1703,IAP.PIK3C,-5.03251143896754
NCI-H1975,IAP.PIK3C,37.365314129395
NCI-H226,IAP.PIK3C,13.0275433412108
NCI-H747,IAP.PIK3C,21.0889089752213
SW900,IAP.PIK3C,-24.8328902607291
DMS-114,IAP.PIK3CA_3,13.850509087375
NCI-H1437,IAP.PIK3CA_3,38.2427303478881
NCI-H1563,IAP.PIK3CA_3,-11.5939074519624
C32,IAP.PIK3CB,0.639835745525092
NCI-H1975,IAP.PIK3CB,32.0173969732111
NCI-H23,IAP.PIK3CB,-8.82854980347249
NCI-H838,IAP.PIK3CB,16.9535859395165
SW900,IAP.PIK3CB,-22.952525474719
SW620,IAP.PTK2,-6.58431159812885
SW948,IAP.PTK2,7.7128100369257
COLO-205,IAP.SN38,5.38966198321431
NCI-H747,IAP.SN38,24.9239590164844
647-V,IAP.TNF,11.8453103606815
BFTC-905,IAP.TNF,8.61894328393417
CAL-120,IAP.TNF,6.99040531651695
A549,IAP.TOP2_2,5.95865549047937
NCI-H1299,IAP.TOP2_2,-73.1901100799462
NCI-H520,IAP.TOP2_2,-7.54008449228691
NCI-H1299,IAP.Topotecan,-63.9142752998188
NCI-H1437,IAP.Topotecan,26.5695810670353
SW900,IAP.Topotecan,-17.4870800964965
Calu-6,IAP.Vinorelbine,9.14456495843243
NCI-H1299,IAP.Vinorelbine,-51.2550949046279
NCI-H522,IAP.Vinorelbine,4.83143033822085
COLO-205,JAK.MTOR,-8.74072115890809
HT-29,JAK.MTOR,-2.04449475408356
TCCSUP,ATR_4.MAP2K_1,8.58020569651548
VM-CUB-1,ATR_4.MAP2K_1,-11.6136602653609
VM-CUB-1,BCL2_BCL2L1.MAP2K_1,-55.8325373017825
NCI-H747,BRAF_M.MAP2K_1,24.9382509044052
NCI-H3122,BRAF_M.MAP2K_1,20.5442140946159
NCI-H520,BRAF_M.MAP2K_1,45.9066839993201
SW900,BRAF_M.MAP2K_1,-12.253674130443
HCT-116,BRAF_M2.MAP2K_1,7.79367573277678
NCI-H1299,BRAF_M2.MAP2K_1,-5.46621334164704
NCI-H1793,BRAF_M2.MAP2K_1,18.2980954440773
NCI-H358,BRAF_M2.MAP2K_1,62.6022314058754
NCI-H520,BRAF_M2.MAP2K_1,-69.0079459635799
SW48,BRAF_M2.MAP2K_1,6.29249415526928
MDA-MB-175-VII,HSP90.MAP2K_1,2.35362753379107
T-24,HSP90.MAP2K_1,3.43949574166307
NCI-H747,IGFR_3.MAP2K_1,16.8761349454286
SW948,IGFR_3.MAP2K_1,5.58890940288935
SW48,IGFR_4.MAP2K_1,25.7776252366404
SW620,IGFR_4.MAP2K_1,-32.0936116889389
CAMA-1,MAP2K_1.MTOR_1,13.5450949172164
MDA-MB-415,MAP2K_1.MTOR_1,0.371583725838056
BT-474,MAP2K_1.PIK3C,23.8247452274816
LS-513,MAP2K_1.PIK3C,-4.49604822549292
MCF7,MAP2K_1.PIK3C,-29.1768605646698
NCI-H747,MAP2K_1.PIK3C,8.95417442828963
SW948,MAP2K_1.PIK3C,-10.3357939486249
HT-1197,MAP2K_1.PIM1,8.34750847155359
C32,MAP2K_1.PTK2,-9.47998137248461
SW837,MAP2K_1.PTK2,39.2831229904943
COLO-205,MAP2K_1.TKI,-31.8192642225789
LS-513,MAP2K_1.TKI,-1.90350427101553
BT-474,MAP2K_3.PIK3C,15.7345792422215
HCC1954,MAP2K_3.PIK3C,-2.16205971001021
MDA-MB-157,MAP2K_3.PIK3C,11.6705737210814
Calu-3,ALK.MTOR_1,-9.64568930416713
NCI-H1793,ALK.MTOR_1,-20.2050783077503
SW900,ALK.MTOR_1,-4.73670585562078
Calu-3,ALK_2.MTOR_1,-4.86270999112187
NCI-H1299,ALK_2.MTOR_1,-20.8466030426931
NCI-H1793,ALK_2.MTOR_1,10.9286305978767
NCI-H2170,ALK_2.MTOR_1,12.6357535726613
TCCSUP,ATR_4.MTOR_1,-13.011981432513
HT-1376,FGFR.MTOR_1,-16.539929491389
TCCSUP,FGFR.MTOR_1,-1.5345864039779
UM-UC-3,FGFR.MTOR_1,-1.63859357888711
CAL-120,MAP2K_1.MTOR_1,3.62763134210577
CAL-51,MAP2K_1.MTOR_1,-19.5370322687664
HCC1143,MAP2K_1.MTOR_1,-12.7152498972193
HCC1937,MAP2K_1.MTOR_1,-12.9398456384912
MDA-MB-231,MAP2K_1.MTOR_1,-7.37855510512374
647-V,MTOR_1.PIK3C,-6.03750544278559
BFTC-905,MTOR_1.PIK3C,16.36386578607
HCC1569,MTOR_1.PIK3C,10.4884062820099
HT-1197,MTOR_1.PIK3C,3.35975930435104
MDA-MB-157,MTOR_1.PIK3C,3.41229882283302
MDA-MB-361,HDAC_4.PARP1,-1.18483696568501
T47D,HSP90.PARP1,11.7988243725614
HCC1143,PARP1.PIK3C,-6.53320810284346
HCC1187,PARP1.PIK3C,-12.259062196347
HCC1937,PARP1.PIK3C,-12.9677300427239
MDA-MB-231,PARP1.PIK3C,-2.47120040788095
M14,PARP1.PIK3C,1.37601583583956
HCC1143,PARP1.PIK3CB_PIK3CD,-2.68651906802654
MDA-MB-436,PARP1.PIK3CB_PIK3CD,1.28272585586035
M14,PARP1.PIK3CB_PIK3CD,-0.685271109132814
NCI-H2291,ADAM17.PIK3C,21.8669353891773
NCI-H3122,ADAM17.PIK3C,-21.7502556003432
NCI-H522,ADAM17.PIK3C,-16.4453267561561
EVSA-T,AKT_1.PIK3C,17.1197742772956
HCC1419,AKT_1.PIK3C,15.6449761618557
MDA-MB-361,AKT_1.PIK3C,10.8019325617799
NCI-H2085,ALK.PIK3C,21.320275005661
NCI-H2291,ALK.PIK3C,20.8304428604096
NCI-H838,ALK.PIK3C,3.53575353515359
HT-1197,HSP90.PIK3C,-0.953757328174944
TCCSUP,HSP90.PIK3C,9.64861285559375
J82,IAP.PIK3C,-9.3349801211677
CAL-148,MAP2K_1.PIK3C,1.11168925511837
HCC1428,MAP2K_1.PIK3C,21.0022210409578
HCC1806,MAP2K_1.PIK3C,-15.8667024730811
M14,MAP2K_1.PIK3C,-6.28237758635819
CAL-51,MTOR_1.PIK3C,14.2918232659622
UM-UC-3,PIK3C.PIM1,-20.2053896614036
HT-1376,PIK3C.TNFSF10,-4.35101144877625
SW780,PIK3C.TNFSF10,2.49844595835495
NCI-H1793,CSNK2A1_2.PIK3CA_3,-18.4661561760029
NCI-H2291,CSNK2A1_2.PIK3CA_3,14.6870545857146
NCI-H23,CSNK2A1_2.PIK3CA_3,-4.95581949134558
NCI-H522,CSNK2A1_2.PIK3CA_3,-22.6979791817918
CAMA-1,MTOR_1.PIK3CA_4,10.4849858605827
HCC1395,MTOR_1.PIK3CA_4,-9.68992459355655
HCC1428,MTOR_1.PIK3CA_4,-4.64778693312317
HCC70,MTOR_1.PIK3CA_4,-0.337132613445679
CAMA-1,PIK3C_2.PIK3CA_4,12.1892919763161
HCC1395,PIK3C_2.PIK3CA_4,0.388688546477193
HCC70,PIK3C_2.PIK3CA_4,-9.3405533622379
MDA-MB-453,PIK3C_2.PIK3CA_4,-4.19413554750883
NCI-H1299,ALK_2.PIK3CB,-10.9338080424728
NCI-H2085,ALK_2.PIK3CB,34.9665999787961
NCI-H358,ALK_2.PIK3CB,0.90341599454342
SW900,ALK_2.PIK3CB,11.0822325367882
Calu-3,PIK3CB.Topotecan,-2.37330239135901
NCI-H1563,PIK3CB.Topotecan,18.7818167529604
NCI-H23,PIK3CB.Topotecan,-18.3627321628588
NCI-H520,PIK3CB.Topotecan,9.87652596147214
HT-1376,EG5.PIK3CB_PIK3CD,-11.4848316698315
T-24,EG5.PIK3CB_PIK3CD,4.55783702674375
J82,PARP1.PIK3CB_PIK3CD,1.58995497362444
SW780,PARP1.PIK3CB_PIK3CD,-3.04994156719895
BT-20,BCL2_BCL2L1.PIM1,26.8447791153017
CAL-51,BCL2_BCL2L1.PIM1,-20.1696706809345
HCC1937,BCL2_BCL2L1.PIM1,-25.2646970273403
HT-1197,BCL2_BCL2L1.PIM1,-3.83420191221519
MDA-MB-157,BCL2_BCL2L1.PIM1,-9.80484175050278
MDA-MB-453,BCL2_BCL2L1.PIM1,-20.0051531425543
CAL-51,MAP2K_1.PIM1,5.93775911815689
HCC1187,MAP2K_1.PIM1,24.9986193259947
HCC1395,MAP2K_1.PIM1,2.12068604009943
Hs-578-T,MAP2K_1.PIM1,-39.8705005120236
HCC1187,PIK3C.PIM1,-12.6651399691034
HCC1395,PIK3C.PIM1,1.51341341854172
HCC38,PIK3C.PIM1,16.9735276731818
MDA-MB-157,PIK3C.PIM1,-4.44227520374814
A549,PIM1.TOP2_2,-23.8847113402743
Calu-3,PIM1.TOP2_2,-4.12532845993465
Calu-6,PIM1.TOP2_2,-2.74746814107658
CAL-51,AKT.PIP5K1,-4.48584563286806
HCC1143,AKT.PIP5K1,3.19445089251683
HCC1187,AKT.PIP5K1,-3.68042060386382
MDA-MB-436,AKT.PIP5K1,3.02616343846879
MDA-MB-157,MAP2K_1.PIP5K1,4.31889583871553
MDA-MB-468,MAP2K_1.PIP5K1,1.59144719940339
MFM-223,MAP2K_1.PIP5K1,-2.03236860665799
CAL-120,PIK3C.PIP5K1,-0.457351868631092
CAL-148,PIK3C.PIP5K1,5.36792604498288
MDA-MB-436,PIK3C.PIP5K1,-1.1247518013608
CAL-120,PIK3CB_PIK3CD.PIP5K1,-7.83065157458717
MDA-MB-231,PIK3CB_PIK3CD.PIP5K1,-5.0915646873812
M14,PIK3CB_PIK3CD.PIP5K1,-10.8935496707762
CAL-120,BCL2_BCL2L1.SLC16A4,1.57680699074655
HCC1187,BCL2_BCL2L1.SLC16A4,-28.8030802087127
MDA-MB-436,BCL2_BCL2L1.SLC16A4,32.7514063434771
MDA-MB-453,BCL2_BCL2L1.SLC16A4,-10.0538394760865
CAL-120,FGFR.SLC16A4,-6.2897839669101
HCC1806,FGFR.SLC16A4,-12.2575996080136
MFM-223,FGFR.SLC16A4,-2.48222160743496
M14,FGFR.SLC16A4,7.17283227807191
HCC1187,MAP2K_1.SLC16A4,-20.2364271317533
HCC70,MAP2K_1.SLC16A4,3.52954975152482
MDA-MB-468,MAP2K_1.SLC16A4,-27.4461042256089
MFM-223,MAP2K_1.SLC16A4,41.6726055199373
BT-20,MTOR_1.SLC16A4,5.02417694523036
MDA-MB-231,MTOR_1.SLC16A4,-3.85930508619605
MDA-MB-468,MTOR_1.SLC16A4,-16.0530571178226
MDA-MB-157,PIK3CB_PIK3CD.SLC16A4,11.9499600746448
MDA-MB-231,PIK3CB_PIK3CD.SLC16A4,-3.05811941230358
MDA-MB-468,PIK3CB_PIK3CD.SLC16A4,13.2357603554842
NCI-H747,IGFR_3.TKI,12.9234898608493
SW948,IGFR_3.TKI,-12.5381118425782
Calu-6,CSNK2A1_2.TNFSF10,-1.35777580258228
DMS-114,CSNK2A1_2.TNFSF10,-2.1941509773598
NCI-H1703,CSNK2A1_2.TNFSF10,34.2477764197052
CAL-120,AKT.TNKS_PARP6,5.05509806531875
HCC1143,AKT.TNKS_PARP6,-13.6229180237148
HCC70,AKT.TNKS_PARP6,16.6719978070072
BT-549,FGFR.TNKS_PARP6,-7.16268985401997
CAL-120,FGFR.TNKS_PARP6,6.68262890114724
Hs-578-T,FGFR.TNKS_PARP6,-27.8579595979233
CAL-148,MTOR_1.TNKS_PARP6,-19.232402498745
CAL-51,MTOR_1.TNKS_PARP6,-11.8273552385851
MDA-MB-231,MTOR_1.TNKS_PARP6,-7.68865998209667
MDA-MB-453,MTOR_1.TNKS_PARP6,-14.8239366890472
CAL-51,PIK3CB_PIK3CD.TNKS_PARP6,-24.0291945901899
HCC38,PIK3CB_PIK3CD.TNKS_PARP6,33.451001686465
M14,PIK3CB_PIK3CD.TNKS_PARP6,-11.2185968274299
NCI-H1437,ALK_2.TOP2,11.1255508897574
NCI-H358,ALK_2.TOP2,-8.95172515276405
NCI-H522,ALK_2.TOP2,-3.51228246348287
NCI-H1975,Doxorubicin.TOP2,24.2380404243565
NCI-H3122,Doxorubicin.TOP2,-6.0941529908807
NCI-H522,Doxorubicin.TOP2,2.03029949013955
Calu-6,BCL2L1.Vinorelbine,-5.33392777806508
NCI-H226,BCL2L1.Vinorelbine,19.1571471189891
NCI-H2291,BCL2L1.Vinorelbine,19.5729780419005
NCI-H1437,BCL2_2.Vinorelbine,4.73797286340212
NCI-H1703,BCL2_2.Vinorelbine,-35.2151759826564
NCI-H1793,BCL2_2.Vinorelbine,-18.6318946952053
SW900,BCL2_2.Vinorelbine,-14.9029865669766
