CELL_LINE,COMBINATION_ID,PREDICTION
BT-549,ADAM17.AKT,-13.5897695119524
CAL-148,ADAM17.AKT,0.592373937822787
HCC38,ADAM17.AKT,4.61278347305745
BT-20,ADAM17.BCL2_BCL2L1,25.8722400059331
HCC1143,ADAM17.BCL2_BCL2L1,-25.7373935921055
HCC1937,ADAM17.BCL2_BCL2L1,-10.0499293856376
Hs-578-T,ADAM17.BCL2_BCL2L1,-24.2488060278584
DU-4475,ADAM17.FGFR,-1.63307961710871
HCC1187,ADAM17.FGFR,0.890087396282712
HCC70,ADAM17.FGFR,-9.75417742760032
Hs-578-T,ADAM17.FGFR,-36.0500090958394
CAL-51,ADAM17.MAP2K_1,-22.2277232497333
HCC1428,ADAM17.MAP2K_1,14.6044806480403
MDA-MB-157,ADAM17.MAP2K_1,-7.01652835178078
BT-549,ADAM17.MTOR_1,-17.849991851405
MDA-MB-157,ADAM17.MTOR_1,-3.51107577364321
MFM-223,ADAM17.MTOR_1,-9.39967388305597
BT-549,ADAM17.PIK3C,-22.5739010284715
DU-4475,ADAM17.PIK3C,-14.3781511286708
HCC1187,ADAM17.PIK3C,-18.3237066050963
HCC38,ADAM17.PIK3C,15.2978358884172
BT-549,ADAM17.PIK3CB_PIK3CD,20.0924914530102
CAL-120,ADAM17.PIK3CB_PIK3CD,-6.94627533597892
CAL-51,ADAM17.PIK3CB_PIK3CD,-36.3201557683585
MDA-MB-436,ADAM17.PIK3CB_PIK3CD,-12.3251700365099
VCaP,ADAM17.AKT,-12.1940313336732
T47D,AKT.AKT_1,12.5940979183364
A549,AKT.CSNK2A1_2,-25.054504421344
NCI-H2291,AKT.CSNK2A1_2,11.3538497185462
NCI-H358,AKT.CSNK2A1_2,2.24459508693885
SW900,AKT.CSNK2A1_2,2.57607888996535
T47D,AKT.Chloroquine,5.0071562710313
BFTC-905,AKT.FGFR,7.24840808614897
J82,AKT.FGFR,1.73426870363104
VCaP,AKT.FGFR,8.75567117366722
CAMA-1,AKT.HDAC_4,12.4296644864884
MDA-MB-361,AKT.HDAC_4,-12.6006618322318
UM-UC-3,AKT.HDAC_4,-22.0473373664972
CAL-120,AKT.PIK3CA_4,-2.39609581220989
CAL-51,AKT.PIK3CA_4,-3.28753494029421
HCC1428,AKT.PIK3CA_4,7.95218150586967
HCC38,AKT.PIK3CA_4,35.8272497083873
CAL-148,AKT.PIK3C_2,-2.72888401944454
CAL-51,AKT.PIK3C_2,-26.0517130934459
HCC1187,AKT.PIK3C_2,-32.5615795695343
MDA-MB-453,AKT.PIK3C_2,-2.76838636228905
647-V,AKT.TNF,-10.6436521206078
UM-UC-3,AKT.TNF,-22.4944353474062
CAL-120,AKT.AKT_1,-7.69204613739422
CAL-148,AKT.AKT_1,-15.2944089443915
HCC38,AKT.AKT_1,37.0546593942586
MDA-MB-468,AKT.AKT_1,3.50344765454936
BT-20,AKT_1.PIK3C,37.9530301318989
CAL-51,AKT_1.PIK3C,5.07199287261716
M14,AKT_1.PIK3C,-0.344503871652882
BT-20,AKT_1.PIK3CB_PIK3CD,26.7845520874304
CAL-148,AKT_1.PIK3CB_PIK3CD,7.4389007004217
HCC1806,AKT_1.PIK3CB_PIK3CD,7.56352861952343
HCC1143,AKT_1.PIK3C_2,-7.83769499960601
HCC1187,AKT_1.PIK3C_2,-10.351205350255
MDA-MB-468,AKT_1.PIK3C_2,8.20368284294022
CAL-120,AKT_SGK.BCL2_BCL2L1,1.31851955994611
HCC1806,AKT_SGK.BCL2_BCL2L1,7.74271141823792
HCC38,AKT_SGK.BCL2_BCL2L1,43.1539043050764
MDA-MB-453,AKT_SGK.BCL2_BCL2L1,-14.3007245663633
BT-549,AKT_SGK.FGFR,4.81328314108023
CAL-51,AKT_SGK.FGFR,-5.06582212978302
Hs-578-T,AKT_SGK.FGFR,-28.8486729360983
MDA-MB-231,AKT_SGK.FGFR,10
Hs-578-T,AKT_SGK.MAP2K_1,-32.792960593885
MDA-MB-231,AKT_SGK.MAP2K_1,10
MDA-MB-436,AKT_SGK.MAP2K_1,15.1940167625098
MDA-MB-453,AKT_SGK.MAP2K_1,-12.454803722524
BT-549,AKT_SGK.PIK3C,13.1936447508507
HCC1187,AKT_SGK.PIK3C,3.33844354366038
HCC1428,AKT_SGK.PIK3C,23.8100028476016
MDA-MB-468,AKT_SGK.PIK3C,14.4259778948064
HCC1937,AKT.ALK_IGFR,10.3764975994651
HCC38,AKT.ALK_IGFR,59.0114542276394
HCC70,AKT.ALK_IGFR,3.23385873527626
MDA-MB-453,AKT.ALK_IGFR,-15.0849860670058
HCC1937,AKT_1.ALK_IGFR,1.74372996767836
MDA-MB-231,AKT_1.ALK_IGFR,10
MFM-223,AKT_1.ALK_IGFR,14.5030526622179
CAL-120,ALK_IGFR.MTOR_1,30.0778761827547
HCC1395,ALK_IGFR.MTOR_1,-3.26211668526574
MDA-MB-453,ALK_IGFR.MTOR_1,10.6623310768232
HCC1395,ALK_IGFR.PIK3CB_PIK3CD,0.555892391068454
HCC1428,ALK_IGFR.PIK3CB_PIK3CD,-7.07758531710887
MDA-MB-453,ALK_IGFR.PIK3CB_PIK3CD,13.7486502788493
MFM-223,ALK_IGFR.PIK3CB_PIK3CD,51.421989155565
HCC1143,AKT.ATR_4,-9.67911204858933
HCC1937,AKT.ATR_4,3.88558439088307
MDA-MB-231,AKT.ATR_4,10
MDA-MB-436,AKT.ATR_4,14.0858590397036
MDA-MB-468,AKT.ATR_4,2.47546274280222
HCC1395,ATR_4.BCL2_BCL2L1,-12.692849332008
HCC1428,ATR_4.BCL2_BCL2L1,11.7037112406487
Hs-578-T,ATR_4.BCL2_BCL2L1,11.8983078602523
M14,ATR_4.BCL2_BCL2L1,-14.5458603006986
HCC1428,ATR_4.MAP2K_1,22.5097086779123
HCC1806,ATR_4.MAP2K_1,-22.8314249982068
HCC70,ATR_4.MAP2K_1,51.7447796244246
MDA-MB-436,ATR_4.MAP2K_1,-34.3917680799234
CAL-120,ATR_4.MTOR_1,1.05807469720537
CAMA-1,ATR_4.MTOR_1,-9.52924196888815
HCC1806,ATR_4.MTOR_1,-18.4059943432429
MDA-MB-436,ATR_4.MTOR_1,-10.5262694470936
DMS-114,BCL2.CarboTaxol,6.58058295037322
NCI-H522,BCL2.CarboTaxol,-22.1459354481666
NCI-H838,BCL2.CarboTaxol,4.67097842714448
LS-513,BCL2.IGFR_4,0.481302342560801
SW48,BCL2.IGFR_4,43.6480151273548
LS-513,BCL2.MAP2K_1,-8.72285448957469
SW48,BCL2.MAP2K_1,42.1242082242307
NCI-H747,BCL2.Oxaliplatin,7.50402158207996
HT-29,BCL2.Oxaliplatin,0.64086674556069
NCI-H1563,BCL2.Topotecan,25.9169489131741
NCI-H1703,BCL2.Topotecan,-36.0259863089832
NCI-H3122,BCL2.Topotecan,11.0781319017484
BT-474,AKT_1.BCL2_2,13.211601331932
HCC1395,AKT_1.BCL2_2,-1.46780999852212
MDA-MB-157,AKT_1.BCL2_2,6.99564582288574
BT-20,AKT_1.BCL2_BCL2L1,30.1563237404196
HCC1143,AKT_1.BCL2_BCL2L1,-18.1852359354599
HCC1395,AKT_1.BCL2_BCL2L1,-13.2418910741108
HCC1806,AKT_1.BCL2_BCL2L1,-3.06274725252692
SW780,ATR_4.BCL2_BCL2L1,7.57691146967305
CAL-148,BCL2_BCL2L1.FGFR,-22.1123395786076
HCC1187,BCL2_BCL2L1.FGFR,-42.5152039721198
HCC1395,BCL2_BCL2L1.FGFR,-21.649822230084
HCC1937,BCL2_BCL2L1.FGFR,-5.5221841686199
MDA-MB-231,BCL2_BCL2L1.FGFR,10
CAL-120,BCL2_BCL2L1.MAP2K_1,-2.23812941682657
HCC70,BCL2_BCL2L1.MAP2K_1,5.06357367019001
MDA-MB-157,BCL2_BCL2L1.MAP2K_1,-3.65278921202818
MDA-MB-453,BCL2_BCL2L1.MAP2K_1,-23.1089791595599
BT-549,BCL2_BCL2L1.PIK3CA_4,-11.7261439834229
HCC1187,BCL2_BCL2L1.PIK3CA_4,-6.35687975248994
HCC38,BCL2_BCL2L1.PIK3CA_4,2.11673378911598
Hs-578-T,BCL2_BCL2L1.PIK3CA_4,-7.0060060560223
HCC1419,AKT.BCL2L1,28.8101374509645
HCC1954,AKT.BCL2L1,16.8649952258422
MDA-MB-157,AKT.BCL2L1,46.5693591518338
MDA-MB-157,AKT_1.BCL2L1,0.0164675921235364
MDA-MB-436,AKT_1.BCL2L1,14.6805701558033
MDA-MB-453,AKT_1.BCL2L1,-17.50505594329
EVSA-T,BCL2L1.MTOR_1,-4.72322459519583
HCC1187,BCL2L1.MTOR_1,-4.40518496069424
MDA-MB-453,BCL2L1.MTOR_1,0.150587133638777
HCC1954,BCL2L1.PIK3C,-7.40949555913015
MDA-MB-436,BCL2L1.PIK3C,43.2701531669339
T47D,BCL2L1.PIK3C,17.2288089610018
HCC70,BRAF_M2.MAP2K_1,8.57527385514033
Calu-6,BRAF_M2.MAP2K_3,26.1260837167001
HCC70,BRAF_M2.MAP2K_3,14.235375094237
MDA-MB-468,BRAF_M2.MAP2K_3,75.2529861582992
NCI-H226,BRAF_M2.MAP2K_3,64.8212146260309
NCI-H522,BRAF_M2.MAP2K_3,88.8794186569061
SW900,BRAF_M2.MAP2K_3,29.5593856957006
BT-20,ATR_4.CarboTaxol,-32.9972483809926
MDA-MB-436,ATR_4.CarboTaxol,-17.5809205925282
MDA-MB-453,ATR_4.CarboTaxol,-19.1055872088244
NCI-H1299,ATR_4.CarboTaxol,-13.3987779427337
NCI-H1703,ATR_4.CarboTaxol,-30.0820699256663
NCI-H1563,BCL2L1.CarboTaxol,-30.2441867422975
NCI-H1793,BCL2L1.CarboTaxol,-10.3798660429255
NCI-H2228,BCL2L1.CarboTaxol,-43.1592269804775
NCI-H1703,CHEK1.IAP,-13.0379642918119
NCI-H1793,CHEK1.IAP,-10.0511955104775
NCI-H838,CHEK1.IAP,-2.10472419143131
SW780,CHEK1.IAP,27.4160845527093
HCC1569,AKT.Chloroquine,-8.36310814348871
MDA-MB-415,AKT.Chloroquine,2.64180853529627
BT-20,AKT_1.Chloroquine,16.5293992384111
HCC1187,AKT_1.Chloroquine,-15.8024883810644
HCC70,AKT_1.Chloroquine,-7.84232231703098
BT-20,Chloroquine.PIK3C,12.0859650746935
MDA-MB-157,Chloroquine.PIK3C,-27.0802299089
T47D,Chloroquine.PIK3C,-0.265183760002305
HT-1197,AKT.Cisplatin,-11.9337065056895
VM-CUB-1,AKT.Cisplatin,7.79019004480139
T-24,Cisplatin.FGFR,1.42406723679868
VM-CUB-1,Cisplatin.FGFR,6.32150004537928
HT-1197,Cisplatin.HDAC_4,7.96053436725428
SW780,Cisplatin.HDAC_4,22.6930596314399
HT-1376,Cisplatin.PARP1,-8.97427489967755
T-24,Cisplatin.PARP1,-8.8779786968612
647-V,Cisplatin.PIK3C,-0.74540919594793
UM-UC-3,Cisplatin.PIK3C,-16.5389127850146
HCC1569,AKT.CSNK2A1_2,-10.0836340459661
HCC1954,AKT.CSNK2A1_2,5.4640564387545
A549,ALK.CSNK2A1_2,-12.5336005112036
Calu-3,ALK.CSNK2A1_2,2.8308247298313
NCI-H520,ALK.CSNK2A1_2,16.943607358676
Calu-6,BCL2.CSNK2A1_2,-3.24149935782051
NCI-H1975,BCL2.CSNK2A1_2,22.7497122762585
NCI-H2170,BCL2.CSNK2A1_2,69.3087730028263
NCI-H1437,CarboTaxol.CSNK2A1_2,0.0847394247656619
NCI-H2228,CarboTaxol.CSNK2A1_2,-67.7326236904945
NCI-H23,CarboTaxol.CSNK2A1_2,-6.75330675979034
NCI-H1299,Carboplatin.CSNK2A1_2,-3.84132303216742
NCI-H358,Carboplatin.CSNK2A1_2,63.2075561628341
NCI-H838,Carboplatin.CSNK2A1_2,-4.3650890327082
NCI-H1437,CSNK2A1_2.Gemcitabine,-2.2697359096027
NCI-H358,CSNK2A1_2.Gemcitabine,-6.79131689942771
SW900,CSNK2A1_2.Gemcitabine,-9.46947371762645
NCI-H2291,CSNK2A1_2.SYK,4.49159380997545
NCI-H838,CSNK2A1_2.SYK,1.06936984137083
SW900,CSNK2A1_2.SYK,-8.96513359818486
HT-1376,EG5.PARP1,20.5731903629491
SW780,EG5.PARP1,23.3533435887319
J82,EG5.PIM1,-6.98023442222681
UM-UC-3,EG5.PIM1,-12.3133242416622
CAL-148,AKT.EGFR,6.75172544134984
HCC1395,AKT.EGFR,-10.1787877134269
HCC1806,AKT.EGFR,0.751144669719982
MDA-MB-453,AKT.EGFR,-15.8950647509581
CAL-51,AKT_1.EGFR,-6.71586525313026
DU-4475,AKT_1.EGFR,-2.67194963580995
HCC1428,AKT_1.EGFR,18.9629796778608
M14,AKT_1.EGFR,-19.9734172279205
CAL-120,BCL2_BCL2L1.EGFR,-9.03776604339985
CAL-148,BCL2_BCL2L1.EGFR,-20.1259451605841
MDA-MB-468,BCL2_BCL2L1.EGFR,-6.84268547258812
M14,BCL2_BCL2L1.EGFR,-15.777897085593
CAL-120,EGFR.FGFR,16.6888553989855
HCC1806,EGFR.FGFR,11.4336332346305
MDA-MB-436,EGFR.FGFR,11.4561996106521
HCC1143,EGFR.MAP2K_1,6.81845441910666
HCC1806,EGFR.MAP2K_1,-9.23679242740264
HCC1937,EGFR.MAP2K_1,10.0458462164094
MDA-MB-436,EGFR.MAP2K_1,-1.01370819394303
BT-20,AKT_1.EGFR_2,12.5255473517393
HCC1569,AKT_1.EGFR_2,-4.59439339525833
MDA-MB-468,AKT_1.EGFR_2,4.77614255361618
NCI-H1793,ALK.EGFR_2,-18.27402013769
NCI-H2085,ALK.EGFR_2,-10.1789448538662
NCI-H3122,ALK.EGFR_2,-26.3248583013426
NCI-H520,ALK.EGFR_2,-2.6382416571876
BT-549,AKT.ERBB,18.0672851756885
HCC38,AKT.ERBB,45.0446490173594
MDA-MB-361,AKT.ERBB,-4.16543320645404
MDA-MB-415,AKT.ERBB,13.3402573360913
MFM-223,AKT.ERBB,75.5467597667413
T47D,AKT.ERBB,30.9663812851744
CAL-51,ERBB.FGFR,-19.6711231657922
HCC38,ERBB.FGFR,33.5898581794036
MDA-MB-453,ERBB.FGFR,-2.61206541981483
SW780,ERBB.FGFR,74.3624395564503
UM-UC-3,ERBB.IAP,-0.941244098513787
VM-CUB-1,ERBB.IAP,2.81559478626537
BT-549,ERBB.MAP2K_1,-12.8433483610219
CAL-51,ERBB.MAP2K_1,-5.13161677905771
HCC1143,ERBB.MAP2K_1,-7.7937590371648
MDA-MB-436,ERBB.MAP2K_1,3.58725938097109
TCCSUP,ERBB.MAP2K_1,-1.67544269286906
HCC1428,ERBB.MTOR_1,14.5892938420774
HCC1937,ERBB.MTOR_1,37.1314488864016
HCC70,ERBB.MTOR_1,19.6428293978045
MDA-MB-157,ERBB.MTOR_1,5.97152002221918
MDA-MB-453,ERBB.MTOR_1,-1.49657589338833
MFM-223,ERBB.MTOR_1,102.683114242871
BT-549,ERBB.PIK3CA_4,-25.9996744051443
CAL-51,ERBB.PIK3CA_4,-2.43019206063067
HCC1806,ERBB.PIK3CA_4,-7.83957890018635
MDA-MB-468,ERBB.PIK3CA_4,-21.440413818102
BT-20,AKT_1.ESR1,11.023967812931
HCC1806,AKT_1.ESR1,-0.464355354798249
MDA-MB-157,AKT_1.ESR1,58.7084766119358
MDA-MB-436,AKT_1.ESR1,-4.50408920407951
CAL-120,ESR1.FGFR,-3.26731910857728
HCC38,ESR1.FGFR,14.1011113754193
M14,ESR1.FGFR,-0.380112250118984
HCC1143,ESR1.MAP2K_1,-6.03788870439665
HCC1395,ESR1.MAP2K_1,-10.596104759911
HCC70,ESR1.MAP2K_1,-9.8317267975897
CAL-148,ESR1.MTOR_1,-10.0218500822998
HCC1143,ESR1.MTOR_1,-4.96254783091765
HCC1937,ESR1.MTOR_1,-6.59341388955674
HCC38,ESR1.MTOR_1,-19.1314112371296
HCC1419,AKT_1.ESR1_1,-1.83820814270216
HCC70,AKT_1.ESR1_1,-0.125660323788459
MDA-MB-361,AKT_1.ESR1_1,-4.12232571796743
BT-20,ESR1_1.MTOR_1,-14.4272826651976
HCC1419,ESR1_1.MTOR_1,6.26861633831715
HCC1954,ESR1_1.MTOR_1,3.18079463270186
CAMA-1,ESR1_1.PIK3C,6.15019784950643
MDA-MB-157,ESR1_1.PIK3C,-3.14586068085477
T47D,ESR1_1.PIK3C,13.2211810216749
BT-20,ESR1_3.MTOR_1,3.19978403293169
HCC1419,ESR1_3.MTOR_1,-8.37268503883065
HCC70,ESR1_3.MTOR_1,-11.3715326260847
CAL-120,BCL2_BCL2L1.FASN,-5.69509422322622
CAL-51,BCL2_BCL2L1.FASN,-12.2486650500205
CAMA-1,BCL2_BCL2L1.FASN,-2.754884178989
HCC1428,BCL2_BCL2L1.FASN,4.13215622993735
BT-20,FASN.MAP2K_1,-5.32280909226185
HCC1395,FASN.MAP2K_1,3.02274630061752
HCC70,FASN.MAP2K_1,-10.3509646485483
CAL-120,FASN.MTOR_1,-4.01556421769899
DU-4475,FASN.MTOR_1,-6.18187804716431
HCC70,FASN.MTOR_1,-7.43548739903639
MDA-MB-436,FASN.MTOR_1,-26.3699068262387
BT-20,AKT.FGFR,33.0703404614122
MCF7,AKT.FGFR,3.23950472838658
MDA-MB-157,AKT.FGFR,44.493625027246
NCI-H1703,AKT.FGFR,18.495602120383
BFTC-905,BCL2_BCL2L1.FGFR,-17.2443465961246
BT-474,BCL2_BCL2L1_BCL2L2.FGFR,0.690696306097045
DMS-114,BCL2_BCL2L1_BCL2L2.FGFR,-15.6336714062455
NCI-H1703,BCL2_BCL2L1_BCL2L2.FGFR,-27.7854533866168
NCI-H1703,Chloroquine.FGFR,-44.218904293094
NCI-H520,Chloroquine.FGFR,21.7038289125049
KATOIII,ERBB.FGFR,16.5891003393877
KMS-11,ERBB.FGFR,-8.18288601117579
MFM-223,FGFR.MTOR_1,-4.32088716969732
NCI-H520,FGFR.MTOR_1,0.597695973738624
SW780,FGFR.MTOR_1,-17.2579632512483
CAMA-1,FGFR.MTOR_3,6.5213039309796
HCC1500,FGFR.MTOR_3,-17.2063298662853
CAMA-1,FGFR.PIK3C_MTOR,-2.47752750744682
HCC1419,FGFR.PIK3C_MTOR,-3.51909495638101
HCC1419,FGFR.Proteasome_2,-3.21671001676865
NCI-H1703,FGFR.Proteasome_2,10.3434601715498
T47D,FGFR.Proteasome_2,8.80251320375162
CAL-120,FGFR.WNT,3.24362520820674
DMS-114,FGFR.WNT,-0.441571058876485
647-V,ATM.Gemcitabine,-2.05393550751847
HT-1197,ATM.Gemcitabine,-9.60757806465862
HT-1197,BCL2_BCL2L1.Gemcitabine,-2.31821725676985
VM-CUB-1,BCL2_BCL2L1.Gemcitabine,-16.3319800763727
TCCSUP,ERBB.Gemcitabine,1.23090737891349
VM-CUB-1,ERBB.Gemcitabine,8.91998040556186
647-V,Gemcitabine.PARP1,-9.10177771204304
TCCSUP,Gemcitabine.PARP1,2.22398284525205
BFTC-905,ATR_4.HDAC_4,8.02327646539637
KU-19-19,ATR_4.HDAC_4,-26.0154341349946
SW780,HDAC_4.PARP1,9.86597909982664
HT-1197,HSP90.PARP1,-6.06592347387525
UM-UC-3,HSP90.PARP1,-11.6728097205744
A549,ATR_4.IAP,17.4084506277928
J82,ATR_4.IAP,-15.2385508378951
NCI-H2170,ATR_4.IAP,-7.39849713727464
NCI-H3122,ATR_4.IAP,-10.8727713709563
TCCSUP,ATR_4.IAP,-8.3794569748745
BT-20,BCL2L1.IAP,29.7810298146311
CAMA-1,BCL2L1.IAP,-5.17006099075809
HCC1569,BCL2L1.IAP,7.40502129784762
HCC70,BCL2L1.IAP,-1.86886587806157
MDA-MB-468,BCL2L1.IAP,1.67613435876142
NCI-H522,BCL2L1.IAP,-11.0473363916078
BFTC-905,BCL2_BCL2L1.IAP,-13.1930003735002
SW780,BCL2_BCL2L1.IAP,12.1560051559621
RKO,CHEK1.IAP,41.7686980593868
SW620,CHEK1.IAP,-14.9751549814948
SW837,CHEK1.IAP,3.30627749731525
DMS-114,Doxorubicin.IAP,-2.08188446431505
NCI-H1299,Doxorubicin.IAP,-19.5795409795157
NCI-H2085,Doxorubicin.IAP,-11.3141037849394
NCI-H747,IAP.IGFR_3,3.38192364375904
RKO,IAP.IGFR_3,15.8386538455014
C32,IAP.IGFR_4,-17.6651039712739
NCI-H747,IAP.IGFR_4,6.68876042596677
NCI-H747,IAP.JAK,8.65003425599615
SW48,IAP.JAK,110.797378470709
LS-513,IAP.Oxaliplatin,-4.22880189634857
SW948,IAP.Oxaliplatin,8.56589785889447
HT-1197,IAP.PARP1,5.11763902453459
J82,IAP.PARP1,-0.72987255648629
SW780,IAP.PARP1,26.4584964922545
Calu-6,IAP.PIK3C,9.29448448391247
NCI-H1703,IAP.PIK3C,-1.50554325845212
NCI-H1975,IAP.PIK3C,34.0171446574819
NCI-H226,IAP.PIK3C,11.8443279830198
NCI-H747,IAP.PIK3C,18.8710202845365
SW900,IAP.PIK3C,-23.5786895563838
DMS-114,IAP.PIK3CA_3,14.3612757923602
NCI-H1437,IAP.PIK3CA_3,39.463101051131
NCI-H1563,IAP.PIK3CA_3,-12.3617855156374
C32,IAP.PIK3CB,-6.03294434516672
NCI-H1975,IAP.PIK3CB,32.305789429801
NCI-H23,IAP.PIK3CB,-6.65719855867348
NCI-H838,IAP.PIK3CB,12.7493150861466
SW900,IAP.PIK3CB,-21.83107092543
SW620,IAP.PTK2,-6.50298796292941
SW948,IAP.PTK2,6.58392928037381
COLO-205,IAP.SN38,3.47399974730873
NCI-H747,IAP.SN38,21.3673719634596
647-V,IAP.TNF,8.67095971118308
BFTC-905,IAP.TNF,8.86472910582526
CAL-120,IAP.TNF,7.38225035808972
A549,IAP.TOP2_2,9.88925169311812
NCI-H1299,IAP.TOP2_2,-67.131230135365
NCI-H520,IAP.TOP2_2,-5.50387406737444
NCI-H1299,IAP.Topotecan,-60.2098910255703
NCI-H1437,IAP.Topotecan,27.7521810687399
SW900,IAP.Topotecan,-14.4482486146313
Calu-6,IAP.Vinorelbine,3.9314952012886
NCI-H1299,IAP.Vinorelbine,-51.0801124018049
NCI-H522,IAP.Vinorelbine,5.19336220323084
COLO-205,JAK.MTOR,-8.10514957880791
HT-29,JAK.MTOR,-0.220144662218955
TCCSUP,ATR_4.MAP2K_1,9.75274022068146
VM-CUB-1,ATR_4.MAP2K_1,-16.7900327002575
VM-CUB-1,BCL2_BCL2L1.MAP2K_1,-54.5290307735448
NCI-H747,BRAF_M.MAP2K_1,23.3508507271548
NCI-H3122,BRAF_M.MAP2K_1,18.9696627372665
NCI-H520,BRAF_M.MAP2K_1,45.7313644703771
SW900,BRAF_M.MAP2K_1,-14.2889251021556
HCT-116,BRAF_M2.MAP2K_1,1.36252456408616
NCI-H1299,BRAF_M2.MAP2K_1,-5.40154642266467
NCI-H1793,BRAF_M2.MAP2K_1,17.7149208087699
NCI-H358,BRAF_M2.MAP2K_1,61.9250259460343
NCI-H520,BRAF_M2.MAP2K_1,-67.2859711771603
SW48,BRAF_M2.MAP2K_1,6.82949188635135
MDA-MB-175-VII,HSP90.MAP2K_1,4.85581462391388
T-24,HSP90.MAP2K_1,4.83066728978648
NCI-H747,IGFR_3.MAP2K_1,16.3407544993563
SW948,IGFR_3.MAP2K_1,7.72222061358446
SW48,IGFR_4.MAP2K_1,25.5006527139274
SW620,IGFR_4.MAP2K_1,-31.2916838745446
CAMA-1,MAP2K_1.MTOR_1,7.7545468243185
MDA-MB-415,MAP2K_1.MTOR_1,0.879530406839424
BT-474,MAP2K_1.PIK3C,22.9183085107807
LS-513,MAP2K_1.PIK3C,-5.5546673164592
MCF7,MAP2K_1.PIK3C,-28.3616323160194
NCI-H747,MAP2K_1.PIK3C,7.6413068710037
SW948,MAP2K_1.PIK3C,-13.9232399981852
HT-1197,MAP2K_1.PIM1,10.3774152171146
C32,MAP2K_1.PTK2,-6.65725247698111
SW837,MAP2K_1.PTK2,39.9934814007407
COLO-205,MAP2K_1.TKI,-31.9594703137981
LS-513,MAP2K_1.TKI,-4.6410136629463
BT-474,MAP2K_3.PIK3C,16.3461402040821
HCC1954,MAP2K_3.PIK3C,-2.56727622621622
MDA-MB-157,MAP2K_3.PIK3C,15.8455952800879
Calu-3,ALK.MTOR_1,-9.54731040490412
NCI-H1793,ALK.MTOR_1,-20.0716729172942
SW900,ALK.MTOR_1,-5.14579490244599
Calu-3,ALK_2.MTOR_1,-0.637165365268142
NCI-H1299,ALK_2.MTOR_1,-21.7519232927097
NCI-H1793,ALK_2.MTOR_1,6.70575375794187
NCI-H2170,ALK_2.MTOR_1,14.5875265476875
TCCSUP,ATR_4.MTOR_1,-18.6355811673078
HT-1376,FGFR.MTOR_1,-14.8632511801481
TCCSUP,FGFR.MTOR_1,-0.45857962754774
UM-UC-3,FGFR.MTOR_1,-1.0002438833649
CAL-120,MAP2K_1.MTOR_1,-1.02908558411793
CAL-51,MAP2K_1.MTOR_1,-19.2086744961751
HCC1143,MAP2K_1.MTOR_1,-14.2993115053947
HCC1937,MAP2K_1.MTOR_1,-13.6994327189831
MDA-MB-231,MAP2K_1.MTOR_1,10
647-V,MTOR_1.PIK3C,-12.4294273249459
BFTC-905,MTOR_1.PIK3C,13.2834261047115
HCC1569,MTOR_1.PIK3C,0.93636581073408
HT-1197,MTOR_1.PIK3C,2.14470886149368
MDA-MB-157,MTOR_1.PIK3C,5.15589073313669
MDA-MB-361,HDAC_4.PARP1,-4.63985285988647
T47D,HSP90.PARP1,11.2866734227545
HCC1143,PARP1.PIK3C,-6.39444977014168
HCC1187,PARP1.PIK3C,-13.6857201395486
HCC1937,PARP1.PIK3C,-8.62376596107689
MDA-MB-231,PARP1.PIK3C,10
M14,PARP1.PIK3C,-2.78584038360495
HCC1143,PARP1.PIK3CB_PIK3CD,-2.51743334183713
MDA-MB-436,PARP1.PIK3CB_PIK3CD,5.03760001181172
M14,PARP1.PIK3CB_PIK3CD,-1.73066384395641
NCI-H2291,ADAM17.PIK3C,18.141970231983
NCI-H3122,ADAM17.PIK3C,-20.8445515994598
NCI-H522,ADAM17.PIK3C,-16.4778933607569
EVSA-T,AKT_1.PIK3C,15.5167095993175
HCC1419,AKT_1.PIK3C,17.3884270421885
MDA-MB-361,AKT_1.PIK3C,12.5078545496811
NCI-H2085,ALK.PIK3C,21.5088272570079
NCI-H2291,ALK.PIK3C,21.4560766353105
NCI-H838,ALK.PIK3C,1.47191607333797
HT-1197,HSP90.PIK3C,-0.10491731603052
TCCSUP,HSP90.PIK3C,7.43220038565717
J82,IAP.PIK3C,-7.43820229874675
CAL-148,MAP2K_1.PIK3C,0.392834394795055
HCC1428,MAP2K_1.PIK3C,20.7374006002316
HCC1806,MAP2K_1.PIK3C,-12.0694880600416
M14,MAP2K_1.PIK3C,-12.1361457944562
CAL-51,MTOR_1.PIK3C,11.8761077932124
UM-UC-3,PIK3C.PIM1,-21.3719943077682
HT-1376,PIK3C.TNFSF10,-4.17033626475119
SW780,PIK3C.TNFSF10,5.88487029784537
NCI-H1793,CSNK2A1_2.PIK3CA_3,-16.3794001275412
NCI-H2291,CSNK2A1_2.PIK3CA_3,11.8907713528268
NCI-H23,CSNK2A1_2.PIK3CA_3,-5.18290127951487
NCI-H522,CSNK2A1_2.PIK3CA_3,-23.1533251646517
CAMA-1,MTOR_1.PIK3CA_4,14.0211133049293
HCC1395,MTOR_1.PIK3CA_4,-10.9257547151803
HCC1428,MTOR_1.PIK3CA_4,-4.01411967394552
HCC70,MTOR_1.PIK3CA_4,-0.431116117033881
CAMA-1,PIK3C_2.PIK3CA_4,13.3582143186779
HCC1395,PIK3C_2.PIK3CA_4,0.406534545528405
HCC70,PIK3C_2.PIK3CA_4,-8.69163103826243
MDA-MB-453,PIK3C_2.PIK3CA_4,-2.24550424719501
NCI-H1299,ALK_2.PIK3CB,-12.1051422096445
NCI-H2085,ALK_2.PIK3CB,34.8989048524002
NCI-H358,ALK_2.PIK3CB,6.62455455690481
SW900,ALK_2.PIK3CB,9.8668807432523
Calu-3,PIK3CB.Topotecan,-1.48266145383482
NCI-H1563,PIK3CB.Topotecan,17.7038714774545
NCI-H23,PIK3CB.Topotecan,-20.5387692272036
NCI-H520,PIK3CB.Topotecan,10.1297187445009
HT-1376,EG5.PIK3CB_PIK3CD,-11.8280162091886
T-24,EG5.PIK3CB_PIK3CD,0.106633213483439
J82,PARP1.PIK3CB_PIK3CD,2.40720213665212
SW780,PARP1.PIK3CB_PIK3CD,-3.64148829688654
BT-20,BCL2_BCL2L1.PIM1,25.0739427399145
CAL-51,BCL2_BCL2L1.PIM1,-19.8759783956776
HCC1937,BCL2_BCL2L1.PIM1,-26.4031389238472
HT-1197,BCL2_BCL2L1.PIM1,-1.07173881516618
MDA-MB-157,BCL2_BCL2L1.PIM1,-13.1198983755097
MDA-MB-453,BCL2_BCL2L1.PIM1,-20.2338081168309
CAL-51,MAP2K_1.PIM1,7.65367046275587
HCC1187,MAP2K_1.PIM1,25.3570280732418
HCC1395,MAP2K_1.PIM1,5.29584810754121
Hs-578-T,MAP2K_1.PIM1,-36.0504014831533
HCC1187,PIK3C.PIM1,-12.6613153091509
HCC1395,PIK3C.PIM1,0.733889812138193
HCC38,PIK3C.PIM1,14.8129005765763
MDA-MB-157,PIK3C.PIM1,-9.41285410699508
A549,PIM1.TOP2_2,-23.0665568658017
Calu-3,PIM1.TOP2_2,-1.90134551517323
Calu-6,PIM1.TOP2_2,-6.08356495426098
CAL-51,AKT.PIP5K1,-5.08389536819737
HCC1143,AKT.PIP5K1,-1.57105792455252
HCC1187,AKT.PIP5K1,-3.85496606736256
MDA-MB-436,AKT.PIP5K1,0.522062020672468
MDA-MB-157,MAP2K_1.PIP5K1,7.72562685781024
MDA-MB-468,MAP2K_1.PIP5K1,-0.584981163670776
MFM-223,MAP2K_1.PIP5K1,-2.44499625423323
CAL-120,PIK3C.PIP5K1,-1.51189119266534
CAL-148,PIK3C.PIP5K1,5.35343450278918
MDA-MB-436,PIK3C.PIP5K1,1.46111355614442
CAL-120,PIK3CB_PIK3CD.PIP5K1,-6.76915049985327
MDA-MB-231,PIK3CB_PIK3CD.PIP5K1,10
M14,PIK3CB_PIK3CD.PIP5K1,-11.7238882104154
CAL-120,BCL2_BCL2L1.SLC16A4,2.99841982274238
HCC1187,BCL2_BCL2L1.SLC16A4,-28.2548702915733
MDA-MB-436,BCL2_BCL2L1.SLC16A4,30.1400465584509
MDA-MB-453,BCL2_BCL2L1.SLC16A4,-3.18656409344671
CAL-120,FGFR.SLC16A4,-5.60773031886695
HCC1806,FGFR.SLC16A4,-12.3216566075364
MFM-223,FGFR.SLC16A4,-2.20192327042963
M14,FGFR.SLC16A4,6.63309810614399
HCC1187,MAP2K_1.SLC16A4,-19.7120938134665
HCC70,MAP2K_1.SLC16A4,6.52703591669633
MDA-MB-468,MAP2K_1.SLC16A4,-26.3559996339476
MFM-223,MAP2K_1.SLC16A4,43.6150849050675
BT-20,MTOR_1.SLC16A4,4.16613316959123
MDA-MB-231,MTOR_1.SLC16A4,10
MDA-MB-468,MTOR_1.SLC16A4,-16.4294459421896
MDA-MB-157,PIK3CB_PIK3CD.SLC16A4,11.419476720924
MDA-MB-231,PIK3CB_PIK3CD.SLC16A4,10
MDA-MB-468,PIK3CB_PIK3CD.SLC16A4,11.5963648202446
NCI-H747,IGFR_3.TKI,10.7136862659352
SW948,IGFR_3.TKI,-10.7319663582374
Calu-6,CSNK2A1_2.TNFSF10,-7.55937277618481
DMS-114,CSNK2A1_2.TNFSF10,-4.17295112851516
NCI-H1703,CSNK2A1_2.TNFSF10,35.3010616133561
CAL-120,AKT.TNKS_PARP6,2.15878505653758
HCC1143,AKT.TNKS_PARP6,-15.8333540749415
HCC70,AKT.TNKS_PARP6,16.5710988612578
BT-549,FGFR.TNKS_PARP6,-4.60613149110019
CAL-120,FGFR.TNKS_PARP6,3.97300527661826
Hs-578-T,FGFR.TNKS_PARP6,-26.7802212144491
CAL-148,MTOR_1.TNKS_PARP6,-20.9823610034626
CAL-51,MTOR_1.TNKS_PARP6,-13.3269115969534
MDA-MB-231,MTOR_1.TNKS_PARP6,10
MDA-MB-453,MTOR_1.TNKS_PARP6,-16.0159078099049
CAL-51,PIK3CB_PIK3CD.TNKS_PARP6,-23.8260281694808
HCC38,PIK3CB_PIK3CD.TNKS_PARP6,29.6700464621421
M14,PIK3CB_PIK3CD.TNKS_PARP6,-15.9633061253921
NCI-H1437,ALK_2.TOP2,11.3617955719405
NCI-H358,ALK_2.TOP2,-4.30227031098695
NCI-H522,ALK_2.TOP2,-2.22436448135524
NCI-H1975,Doxorubicin.TOP2,23.6195144359177
NCI-H3122,Doxorubicin.TOP2,-6.98850755111914
NCI-H522,Doxorubicin.TOP2,1.58779042391334
Calu-6,BCL2L1.Vinorelbine,-7.08834877453128
NCI-H226,BCL2L1.Vinorelbine,16.3113891837657
NCI-H2291,BCL2L1.Vinorelbine,15.7972526358305
NCI-H1437,BCL2_2.Vinorelbine,5.61574218599599
NCI-H1703,BCL2_2.Vinorelbine,-33.1374831411762
NCI-H1793,BCL2_2.Vinorelbine,-21.7432554023138
SW900,BCL2_2.Vinorelbine,-17.6201952930481
